{
	"replace": false,
	"slots": [ "sword/guard" ],
	"type": "tetra:basic_module",
	"renderLayer": "higher",
	"variants": [
		{
			"key": "sword_socket/seed_of_chaos",
			"category": "misc",
			"durability": 600,
			"durabilityMultiplier": 1.0,
			"integrity": -1,
			"attributes": {
				"**generic.attack_damage": 0.2
			},
			"glyph": {
				"textureX": 80,
				"textureY": 16
			},
			"models": [{
				"location": "tetra:items/module/sword/guard/seed_of_chaos/default"
			}],
			"effects": {
				"intuit": 1,
				"bleeding": [1, 1]
			}
		},
		{
			"key": "sword_socket/ethereal_spirit",
			"category": "misc",
			"durability": 500,
			"durabilityMultiplier": 1.0,
			"integrity": -1,
			"attributes": {
				"generic.attack_damage": 1.5
			},
			"glyph": {
				"textureX": 80,
				"textureY": 16
			},
			"models": [{
				"location": "tetra:items/module/sword/guard/ethereal_spirit/default"
			}],
			"effects": {
				"unbreaking": 5,
				"haunted": [3, 0.01],
				"crushing": 2.5
			}
		}
	]
}