{
    "worldedit.expand.description.vert": "Udvid udvælgelsen vertikalt til verdensgrænserne.",
    "worldedit.expand.expanded": "Region udvidet med {0} blokke",
    "worldedit.biomeinfo.lineofsight": "Biomer i synspunkt: {0}",
    "worldedit.biomeinfo.position": "Biomer på din position: {0}",
    "worldedit.biomeinfo.selection": "Biomer i din udvælgelse: {0}",
    "worldedit.brush.apply.description": "Påfør pensel, anvend en funktion til hver blok",
    "worldedit.brush.apply.radius": "Størrelsen af penslen",
    "worldedit.brush.apply.shape": "Formen af regionen",
    "worldedit.brush.apply.type": "Type pensel til brug",
    "worldedit.brush.paint.size": "Størrelsen af penslen",
    "worldedit.brush.paint.shape": "Formen af regionen",
    "worldedit.brush.paint.type": "Type pensel til brug",
    "worldedit.drawsel.disabled": "Server CUI deaktiveret.",
    "worldedit.drawsel.disabled.already": "Server CUI allerede deaktiveret.",
    "worldedit.drawsel.enabled.already": "Server CUI allerede aktiveret.",
    "worldedit.limit.too-high": "Din maksimale tilladte grænse er {0}.",
    "worldedit.limit.set": "Blokændringsgrænse sat til {0}.",
    "worldedit.timeout.too-high": "Din maksimale tilladte timeout er {0}ms.",
    "worldedit.timeout.return-to-default": " (Brug //timeout for at gå tilbage til standard.)",
    "worldedit.fast.disabled": "Hurtig tilstand deaktiveret.",
    "worldedit.fast.enabled": "Hurtig tilstand aktiveret. Lys i de påvirkede chunks kan være forkert og eller du skal muligvis genforbinde for at se ændringerne.",
    "worldedit.fast.disabled.already": "Hurtig tilstand allerede deaktiveret.",
    "worldedit.fast.enabled.already": "Hurtig tilstand allerede aktiveret.",
    "worldedit.reorder.current": "Omordnet tilstand er {0}",
    "worldedit.reorder.set": "Omordnet tilstand er nu {0}",
    "worldedit.gmask.disabled": "Global maske deaktiveret.",
    "worldedit.gmask.set": "Globalt maske sæt.",
    "worldedit.toggleplace.pos1": "Placer nu ved pos #1.",
    "worldedit.toggleplace.player": "Nu placeres i blokken står du i.",
    "worldedit.searchitem.too-short": "Indtast en længere søgestreng (len > 2).",
    "worldedit.clearhistory.cleared": "Historik slettet.",
    "worldedit.raytrace.noblock": "Ingen blok i sigte!",
    "worldedit.hpos.no-block": "Ingen blok i sigte!",
    "worldedit.paste.pasted": "Udklipsholderen er blevet indsat ved {0}",
    "worldedit.clearclipboard.cleared": "Udklipsholder ryddet.",
    "worldedit.reload.config": "Konfiguration genindlæst!",
    "worldedit.report.written": "WorldEdit rapport skrevet til {0}",
    "worldedit.report.error": "Kunne ikke skrive rapport: {0}",
    "worldedit.timezone.invalid": "Ugyldig tidszone",
    "worldedit.timezone.set": "Tidszone indstillet for denne session til: {0}",
    "worldedit.timezone.current": "Den nuværende tid i den pågældende tidszone er: {0}",
    "worldedit.version.version": "WorldEdit version {0}",
    "worldedit.tool.no-block": "Ingen blok i sigte!"
}
