{
	"credit": "Made with Blockbench",
	"parent": "block/block",
	"textures": {
		"particle": "waystones:block/warp_plate",
		"texture": "waystones:block/warp_plate"
	},
	"elements": [
		{
			"from": [0, 0, 0],
			"to": [16, 2, 16],
			"faces": {
				"north": {"uv": [0, 0, 16, 2], "texture": "#texture"},
				"east": {"uv": [0, 0, 16, 2], "texture": "#texture"},
				"south": {"uv": [0, 0, 16, 2], "texture": "#texture"},
				"west": {"uv": [0, 0, 16, 2], "texture": "#texture"},
				"up": {"uv": [0, 0, 16, 16], "texture": "#texture"},
				"down": {"uv": [0, 0, 16, 16], "texture": "#missing"}
			}
		}
	]
}