{
    "type": "origins:stacking_status_effect",
    "min_stacks": 0,
    "max_stacks": 5,
    "duration_per_stack": 10,
    "effect": {
        "effect": "minecraft:slowness",
        "amplifier": 1,
        "is_ambient": true,
        "show_particles": true,
        "show_icon": true
    },
    "condition": {
        "type": "origins:or",
        "conditions": [
            {
                "type": "origins:equipped_item",
                "equipment_slot": "head",
                "item_condition": {
                    "type": "origins:armor_value",
                    "comparison": ">",
                    "compare_to": 2
                }
            },
            {
                "type": "origins:equipped_item",
                "equipment_slot": "chest",
                "item_condition": {
                    "type": "origins:armor_value",
                    "comparison": ">",
                    "compare_to": 6
                }
            },
            {
                "type": "origins:equipped_item",
                "equipment_slot": "legs",
                "item_condition": {
                    "type": "origins:armor_value",
                    "comparison": ">",
                    "compare_to": 5
                }
            },
            {
                "type": "origins:equipped_item",
                "equipment_slot": "feet",
                "item_condition": {
                    "type": "origins:armor_value",
                    "comparison": ">",
                    "compare_to": 2
                }
            }
        ]
    },
    "name": "Overburdened",
    "description": "Due to the weight of heavy armor on your body, it prevents you from running or sprinting."
}