{
	"replace": false,
	"slots": [ "crossbow/attachment_1" ],
	"type": "tetra:basic_module",
	"renderLayer": "higher",
	"variants": [
		{
			"key": "crossbow_socket/ectoplasm",
			"category": "misc",
			"durability": 50,
			"integrity": -1,
			"attributes": {
				"**generic.tetra:draw_strength": 0.05
			},
			"glyph": {
				"tint": "ff4225",
				"textureX": 80,
				"textureY": 16
			},
			"models": [{
				"location": "tetra:items/module/crossbow/attachment/undead_expansion/ectoplasm",
				"type": "static"
			}],
			"effects": {
				"earthbind": [ 5, 1 ]
			}
		},
		{
			"key": "crossbow_socket/embers",
			"category": "misc",
			"durability": 15,
			"integrity": -1,
			"attributes": {
				"**generic.tetra:draw_strength": 0.09
			},
			"glyph": {
				"textureX": 80,
				"textureY": 16
			},
			"models": [{
				"location": "tetra:items/module/crossbow/attachment/undead_expansion/ember",
				"type": "static"
			}],
			"effects": {
				"tetrapak:scorching": 1,
				"fierySelf": 1
			}
		},
		{
			"key": "crossbow_socket/blighted_remains",
			"category": "misc",
			"durability": 20,
			"integrity": -1,
			"attributes": {
				"**generic.tetra:draw_strength": 0.1
			},
			"glyph": {
				"textureX": 80,
				"textureY": 16
			},
			"models": [{
				"location": "tetra:items/module/crossbow/attachment/undead_expansion/blighted_remains",
				"type": "static"
			}],
			"effects": {
				"intuit": 1,
				"stabilizing": 1,
				"piercing": 2.5
			}
		},
		{
			"key": "crossbow_socket/seed_of_chaos",
			"category": "misc",
			"durability": 600,
			"durabilityMultiplier": 1.0,
			"integrity": -1,
			"attributes": {
				"**generic.tetra:draw_strength": 0.2
			},
			"glyph": {
				"textureX": 80,
				"textureY": 16
			},
			"models": [{
				"location": "tetra:items/module/crossbow/attachment/born_in_chaos/seed_of_chaos",
				"type": "static"
			}],
			"effects": {
				"intuit": 1,
				"bleeding": [1, 1]
			}
		},
		{
			"key": "crossbow_socket/ethereal_spirit",
			"category": "misc",
			"durability": 500,
			"durabilityMultiplier": 1.0,
			"integrity": -1,
			"attributes": {
				"generic.tetra:draw_strength": 1.5
			},
			"glyph": {
				"textureX": 80,
				"textureY": 16
			},
			"models": [{
				"location": "tetra:items/module/crossbow/attachment/born_in_chaos/ethereal_spirit",
				"type": "static"
			}],
			"effects": {
				"unbreaking": 5,
				"haunted": [3, 0.01],
				"piercing": 2.5
			}
		}
	]
}