{
    "worldedit.gmask.disabled": "Globaali maski poistettu käytöstä.",
    "worldedit.gmask.set": "Globaali maski asetettu.",
    "worldedit.clearhistory.cleared": "Historia tyhjennetty.",
    "worldedit.hpos.no-block": "Ei palikkaa näkyvissä!",
    "worldedit.hpos.already-set": "Sijainti on jo asetettu.",
    "worldedit.size.type": "Tyyppi: {0}",
    "worldedit.size.size": "Koko: {0}",
    "worldedit.count.counted": "Laskettu: {0}",
    "worldedit.command.permissions": "Sinulla ei ole oikeuksia tehdä tätä.",
    "worldedit.selection.cuboid.explain.primary": "Sijainti 1 asetettu sijaintiin {0}.",
    "worldedit.selection.cuboid.explain.secondary": "Sijainti 2 asetettu sijaintiin {0}.",
    "worldedit.sideeffect.events": "Mod / Plugin -tapahtumat",
    "worldedit.sideeffect.events.description": "Ilmoittaa muille modeille / plugineille näistä muutoksista tarvittaessa",
    "worldedit.sideeffect.state.on": "Käytössä",
    "worldedit.sideeffect.state.delayed": "Myöhässä",
    "worldedit.sideeffect.state.off": "Pois",
    "worldedit.sideeffect.box.current": "Nykyinen",
    "worldedit.sideeffect.box.change-to": "Klikkaa asettaaksesi arvoon {0}",
    "worldedit.help.command-not-found": "Komentoa '{0}'ei löydy.",
    "worldedit.help.no-subcommands": "'{0}' ei sisällä alikomentoja. (Ehkä '{1}' on parametrille?)",
    "worldedit.help.subcommand-not-found": "Alakomentoa '{0}' kohdasta '{1}' ei löytynyt.",
    "worldedit.cli.stopping": "Pysäytetään!",
    "worldedit.cli.unknown-command": "Tuntematon komento!"
}
