{
	"type": "cagedmobs:mob_data",
	"entity": "born_in_chaos_v1:nightmare_stalker",
	"conditions": [
		{
			"type": "forge:mod_loaded",
			"modid": "born_in_chaos_v1"
		}
	],
	"samplerTier": 2,
	"environments": [ "cave" ],
	"growTicks": 4000,
	"results": [
		{
			"chance": 0.22,
			"output": {
				"item": "born_in_chaos_v1:monster_skin"
			},
			"minAmount": 2,
			"maxAmount": 3
		},
		{
			"chance": 0.31,
			"output": {
				"item": "born_in_chaos_v1:nightmare_claw"
			},
			"minAmount": 1,
			"maxAmount": 1
		},
		{
			"chance": 0.18,
			"output": {
				"item": "born_in_chaos_v1:pieceofdarkmetal"
			},
			"minAmount": 1,
			"maxAmount": 2
		},
		{
			"chance": 0.18,
			"output": {
				"item": "born_in_chaos_v1:gnawed_bones"
			},
			"minAmount": 1,
			"maxAmount": 1
		},
		{
			"chance": 0.2,
			"output": {
				"item": "born_in_chaos_v1:seedof_chaos"
			},
			"minAmount": 1,
			"maxAmount": 1
		},
		{
			"chance": 0.6,
			"output": {
				"item": "born_in_chaos_v1:ethereal_spirit"
			},
			"minAmount": 1,
			"maxAmount": 2
		},
		{
			"chance": 0.5,
			"output": {
				"item": "born_in_chaos_v1:anluka_doors"
			},
			"minAmount": 1,
			"maxAmount": 1
		}
	]
}