{
	"replace": false,
	"slots": [ "sword/guard" ],
	"type": "tetra:basic_module",
	"renderLayer": "higher",
	"variants": [
		{
			"key": "sword_socket/ectoplasm",
			"category": "misc",
			"durability": 50,
			"integrity": -1,
			"attributes": {
				"**generic.attack_damage": 0.05
			},
			"glyph": {
				"textureX": 80,
				"textureY": 16
			},
			"models": [{
				"location": "tetra:items/module/sword/guard/undead_expansion/ectoplasm"
			}],
			"effects": {
				"earthbind": [ 5, 1 ]
			}
		},
		{
			"key": "sword_socket/embers",
			"category": "misc",
			"durability": 15,
			"integrity": -1,
			"attributes": {
				"**generic.attack_damage": 0.09
			},
			"glyph": {
				"textureX": 80,
				"textureY": 16
			},
			"models": [{
				"location": "tetra:items/module/sword/guard/undead_expansion/ember"
			}],
			"effects": {
				"tetrapak:scorching": 1,
				"fierySelf": 1
			}
		},
		{
			"key": "sword_socket/blighted_remains",
			"category": "misc",
			"durability": 20,
			"integrity": -1,
			"attributes": {
				"**generic.attack_damage": 0.1
			},
			"glyph": {
				"textureX": 80,
				"textureY": 16
			},
			"models": [{
				"location": "tetra:items/module/sword/guard/undead_expansion/blighted_remains"
			}],
			"effects": {
				"intuit": 1,
				"stabilizing": 1,
				"armorPenetration": 1
			}
		}
	]
}