{
  "biomes": [
    [
      {
        "type": "BIOME_TAG",
        "negate": false,
        "value": "minecraft:is_overworld"
      },
      {
        "type": "REGISTRY_NAME",
        "negate": false,
        "value": "minecraft:windswept_forest"
      }
    ],
    [
      {
        "type": "BIOME_TAG",
        "negate": false,
        "value": "minecraft:is_overworld"
      },
      {
        "type": "REGISTRY_NAME",
        "negate": false,
        "value": "minecraft:windswept_hills"
      }
    ],
    [
      {
        "type": "REGISTRY_NAME",
        "negate": false,
        "value": "terralith:windswept_spires"
      }
    ]
  ]
}