{
    "key": "nightmare_claw",
    "category": "misc",
    "primary": 5,
    "secondary": 4.5,
    "tertiary": 4,
    "durability": 350,
    "integrityCost": 2,
    "integrityGain": 7,
    "magicCapacity": 96,
    "toolLevel": 0,
    "toolEfficiency": 0,
    "tints": {
        "glyph": "vent_glyph",
        "texture": "vent"
    },
    "textures": [
        "nightmare"
    ],
    "material": {
        "items": [ "born_in_chaos_v1:nightmare_claw" ]
    },
    "requiredTools": {
        "hammer_dig": "minecraft:diamond"
    }
}
