{
    "worldedit.expand.description.vert": "Vertically expand the selection to world limits.",
    "worldedit.expand.expanded": "Region expanded {0} blocks",
    "worldedit.selection.ellipsoid.info.center": "Centre: {0}",
    "worldedit.selection.ellipsoid.explain.primary": "Centre position set to {0}.",
    "worldedit.selection.ellipsoid.explain.primary-area": "Centre position set to {0} ({1}).",
    "worldedit.selection.cylinder.info.center": "Centre: {0}",
    "worldedit.selection.cylinder.explain.secondary-missing": "You must select the centre point before setting the radius.",
    "worldedit.sideeffect.neighbors": "Neighbours"
}
