{
    "type": "origins:fire_projectile",
    "entity_type": "minecraft:arrow",
    "cooldown": 100,
    "count": 1,
    "speed": 1.5,
    "divergence": 1,
    "tag": "{pickup:0b}",
    "key": {
        "key": "key.origins.primary_active",
        "continuous": false
    },
    "sound": "minecraft:entity.ender_eye.death",
    "hud_render": {
        "should_render": true,
        "sprite_location": "acesorigins:textures/gui/acesorigins/aces_resource_bar_01.png",
        "bar_index": 4
    },
    "name": "Magic Missile",
    "description": "Shoots a magical missile at your opponents."
}