{
    "replace": true,
    "type": "tetra:basic_major_module",
    "slots": [
        "single/head"
    ],
    "improvements": [
        "tetra:enchantment/impaling",
        "tetra:enchantment/channeling",
        "tetra:enchantment/vanishing_curse",
        "tetra:enchantment/apotheosis_capturing",
        "tetra:enchantment/apotheosis_mounted_strike",
        "tetra:enchantment/apotheosis_scavenger",
        "tetra:enchantment/cyclic_life_leech",
        "tetra:enchantment/cyclic_venom",
        "tetra:enchantment/ensorcellation_cavalier",
        "tetra:enchantment/ensorcellation_leech",
        "tetra:enchantment/ensorcellation_magic_edge",
        "tetra:enchantment/ensorcellation_soulbound",
        "tetra:enchantment/ma-enchants_lifesteal",
        "tetra:enchantment/ma-enchants_curse_death",
        "tetra:single/spearhead/",
        "tetra:single/shared_head/",
        "tetra:single/shared/",
        "tetra:shared/"
    ],
    "variants": [
        {
            "key": "trident/trident",
            "durability": 64,
            "integrity": -1,
            "magicCapacity": 90,
            "attributes": {
                "generic.attack_damage": 8,
                "generic.attack_speed": -1.25
            },
            "aspects": {
                "pointyWeapon": 2,
                "throwable": 2,
				"edgedWeapon": 2,
                "breakable": 2
            },
            "glyph": {
                "textureX": 192,
                "textureY": 32
            },
            "models": [
                {
                    "location": "tetra:items/module/single/head/trident/default"
                }
            ]
        }
    ]
}
