{
    "worldedit.clearhistory.cleared": "Историята е изчистена.",
    "worldedit.restore.block-place-error": "Последна грешка: {0}",
    "worldedit.schematic.delete.failed": "Неуспешно изтриване на {0}! Файлът само за четене ли е?",
    "worldedit.size.type": "Вид: {0}",
    "worldedit.size.size": "Големина: {0}",
    "worldedit.size.distance": "Разстояние на кубоида: {0}",
    "worldedit.size.blocks": "Брой блокове: {0}",
    "worldedit.count.counted": "Преброено: {0}",
    "worldedit.distr.no-blocks": "Няма преброени блокове.",
    "worldedit.distr.total": "Общ брой блокове: {0}",
    "worldedit.select.cleared": "Избраното е изчистено.",
    "worldedit.select.cuboid.description": "Изберете два ъгъла на кубоида",
    "worldedit.select.poly.limit-message": "{0} точки максимум.",
    "worldedit.select.poly.description": "Изберете двумерен многоъгълник с височина",
    "worldedit.select.ellipsoid.description": "Изберете елипсоид",
    "worldedit.select.sphere.description": "Изберете сфера",
    "worldedit.select.cyl.description": "Изберете цилиндър",
    "worldedit.select.convex.limit-message": "{0} точки максимум.",
    "worldedit.chunkinfo.chunk": "Чънк: {0}, {1}",
    "worldedit.chunkinfo.old-filename": "Стар формат: {0}",
    "worldedit.clearclipboard.cleared": "Буферната памет е изчистена.",
    "worldedit.set.done": "Операцията завърши.",
    "worldedit.set.done.verbose": "Операцията завърши ({0}).",
    "worldedit.regen.regenerated": "Областта е регенерирана.",
    "worldedit.forest.created": "{0} дървета са сътворени.",
    "worldedit.flora.created": "{0} растения са сътворени.",
    "worldedit.forestgen.created": "{0} дървета са сътворени.",
    "worldedit.reload.config": "Конфигурирането е презаредено!",
    "worldedit.timezone.invalid": "Недействителен часови пояс",
    "worldedit.version.version": "Версия на WorldEdit {0}",
    "worldedit.tool.deltree.not-tree": "Това не е дърво.",
    "worldedit.tool.deltree.not-floating": "Това не е плаващо дърво.",
    "worldedit.tool.tree.obstructed": "Дървото не може да бъде там.",
    "worldedit.tool.info.internalid.hover": "Вътрешен ид.№",
    "worldedit.script.read-error": "Грешка при четене на скрипта: {0}",
    "worldedit.script.unsupported": "Поддържат се само скриптове с разширение .js",
    "worldedit.script.file-not-found": "Скриптът не съществува: {0}",
    "worldedit.selection.convex.info.vertices": "Върхове: {0}",
    "worldedit.selection.convex.info.triangles": "Триъгълници: {0}",
    "worldedit.selection.ellipsoid.info.center": "Център: {0}",
    "worldedit.selection.cylinder.info.center": "Център: {0}",
    "worldedit.selection.cylinder.info.radius": "Радиус: {0}",
    "worldedit.selection.polygon2d.info": "# точки: {0}",
    "worldedit.selection.polygon2d.explain.primary": "Започване на нов многоъгълник в {0}.",
    "worldedit.sideeffect.lighting": "Осветление",
    "worldedit.sideeffect.neighbors": "Съседи",
    "worldedit.sideeffect.validation": "Валидиране",
    "worldedit.sideeffect.state.on": "Вкл.",
    "worldedit.sideeffect.state.off": "Изкл.",
    "worldedit.sideeffect.box.current": "Текущо",
    "worldedit.cli.unknown-command": "Непозната команда!"
}
