{
	"credit": "Yuushya",
	"textures": {
		"particle": "block/bamboo_trapdoor",
		"texture": "block/bamboo_trapdoor"
	},
	"elements": [
		{
			"from": [0, 14, 0],
			"to": [16, 16, 5],
			"rotation": {"angle": 0, "axis": "y", "origin": [8, 22, 8]},
			"faces": {
				"north": {"uv": [0, 0, 16, 2], "texture": "#texture"},
				"east": {"uv": [0, 0, 5, 2], "texture": "#texture"},
				"south": {"uv": [0, 0, 16, 2], "texture": "#texture"},
				"west": {"uv": [0, 0, 5, 2], "texture": "#texture"},
				"up": {"uv": [0, 0, 16, 5], "texture": "#texture"},
				"down": {"uv": [0, 11, 16, 16], "texture": "#texture"}
			}
		},
		{
			"from": [0, 14, 11],
			"to": [16, 16, 16],
			"rotation": {"angle": 0, "axis": "y", "origin": [8, 22, 19]},
			"faces": {
				"north": {"uv": [0, 0, 16, 2], "texture": "#texture"},
				"east": {"uv": [0, 0, 5, 2], "texture": "#texture"},
				"south": {"uv": [0, 0, 16, 2], "texture": "#texture"},
				"west": {"uv": [0, 0, 5, 2], "texture": "#texture"},
				"up": {"uv": [0, 11, 16, 16], "texture": "#texture"},
				"down": {"uv": [0, 0, 16, 5], "texture": "#texture"}
			}
		},
		{
			"from": [0, 14, 5],
			"to": [5, 16, 11],
			"rotation": {"angle": 0, "axis": "y", "origin": [8, 22, 13]},
			"faces": {
				"north": {"uv": [0, 0, 5, 2], "texture": "#texture"},
				"east": {"uv": [0, 0, 6, 2], "texture": "#texture"},
				"south": {"uv": [0, 0, 5, 2], "texture": "#texture"},
				"west": {"uv": [5, 0, 11, 2], "texture": "#texture"},
				"up": {"uv": [0, 5, 5, 11], "texture": "#texture"},
				"down": {"uv": [0, 5, 5, 11], "texture": "#texture"}
			}
		},
		{
			"from": [11, 14, 5],
			"to": [16, 16, 11],
			"rotation": {"angle": 0, "axis": "y", "origin": [19, 22, 13]},
			"faces": {
				"north": {"uv": [0, 0, 5, 2], "texture": "#texture"},
				"east": {"uv": [5, 0, 11, 2], "texture": "#texture"},
				"south": {"uv": [0, 0, 5, 2], "texture": "#texture"},
				"west": {"uv": [0, 0, 6, 2], "texture": "#texture"},
				"up": {"uv": [11, 5, 16, 11], "texture": "#texture"},
				"down": {"uv": [11, 5, 16, 11], "texture": "#texture"}
			}
		},
		{
			"from": [5, 15, 5],
			"to": [11, 15, 11],
			"rotation": {"angle": 0, "axis": "y", "origin": [13, 22, 13]},
			"faces": {
				"north": {"uv": [0, 0, 6, 0], "texture": "#texture"},
				"east": {"uv": [0, 0, 6, 0], "texture": "#texture"},
				"south": {"uv": [0, 0, 6, 0], "texture": "#texture"},
				"west": {"uv": [0, 0, 6, 0], "texture": "#texture"},
				"up": {"uv": [5, 5, 11, 11], "texture": "#texture"},
				"down": {"uv": [5, 5, 11, 11], "texture": "#texture"}
			}
		}
	]
}