{
	"credit": "Yuushya",
	"parent": "block/block",
	"textures": {
		"1": "block/jungle_planks_alt2",
		"4": "block/stripped/stripped_acacia_log",
		"particle": "block/jungle_planks_alt2"
	},
	"elements": [
		{
			"from": [0, 8, 0],
			"to": [1, 15, 1],
			"rotation": {"angle": 0, "axis": "y", "origin": [8, 8, -7]},
			"faces": {
				"north": {"uv": [1, 0, 0, 7], "texture": "#1"},
				"east": {"uv": [1, 0, 0, 7], "texture": "#1"},
				"south": {"uv": [1, 0, 0, 7], "texture": "#1"},
				"west": {"uv": [1, 0, 0, 7], "texture": "#1"},
				"up": {"uv": [0, 1, 1, 0], "texture": "#1"},
				"down": {"uv": [0, 1, 1, 0], "texture": "#1"}
			}
		},
		{
			"from": [15, 8, 0],
			"to": [16, 15, 1],
			"rotation": {"angle": 0, "axis": "y", "origin": [23, 8, -7]},
			"faces": {
				"north": {"uv": [1, 0, 0, 7], "texture": "#1"},
				"east": {"uv": [1, 0, 0, 7], "texture": "#1"},
				"south": {"uv": [1, 0, 0, 7], "texture": "#1"},
				"west": {"uv": [1, 0, 0, 7], "texture": "#1"},
				"up": {"uv": [0, 1, 1, 0], "texture": "#1"},
				"down": {"uv": [0, 1, 1, 0], "texture": "#1"}
			}
		},
		{
			"from": [0, 1, 0],
			"to": [1, 8, 1],
			"rotation": {"angle": 0, "axis": "y", "origin": [8, 0, -7]},
			"faces": {
				"north": {"uv": [1, 0, 0, 7], "texture": "#1"},
				"east": {"uv": [1, 0, 0, 7], "texture": "#1"},
				"south": {"uv": [1, 0, 0, 7], "texture": "#1"},
				"west": {"uv": [1, 0, 0, 7], "texture": "#1"},
				"up": {"uv": [0, 1, 1, 0], "texture": "#1"},
				"down": {"uv": [0, 1, 1, 0], "texture": "#1"}
			}
		},
		{
			"from": [15, 1, 0],
			"to": [16, 8, 1],
			"rotation": {"angle": 0, "axis": "y", "origin": [23, 0, -7]},
			"faces": {
				"north": {"uv": [1, 0, 0, 7], "texture": "#1"},
				"east": {"uv": [1, 0, 0, 7], "texture": "#1"},
				"south": {"uv": [1, 0, 0, 7], "texture": "#1"},
				"west": {"uv": [1, 0, 0, 7], "texture": "#1"},
				"up": {"uv": [0, 1, 1, 0], "texture": "#1"},
				"down": {"uv": [0, 1, 1, 0], "texture": "#1"}
			}
		},
		{
			"from": [1, 7, 0],
			"to": [15, 9, 9],
			"rotation": {"angle": 0, "axis": "y", "origin": [8, 15, 8]},
			"faces": {
				"north": {"uv": [0, 14, 14, 16], "texture": "#4"},
				"east": {"uv": [0, 14, 9, 16], "texture": "#4"},
				"south": {"uv": [0, 14, 14, 16], "texture": "#4"},
				"west": {"uv": [0, 14, 9, 16], "texture": "#4"},
				"up": {"uv": [0, 9, 14, 0], "texture": "#4"},
				"down": {"uv": [0, 9, 14, 0], "texture": "#4"}
			}
		},
		{
			"from": [0, 15, 0],
			"to": [16, 16, 16],
			"rotation": {"angle": 0, "axis": "y", "origin": [8, 15, 8]},
			"faces": {
				"north": {"uv": [16, 0, 0, 1], "texture": "#4"},
				"east": {"uv": [16, 0, 0, 1], "texture": "#4"},
				"south": {"uv": [16, 0, 0, 1], "texture": "#4"},
				"west": {"uv": [16, 0, 0, 1], "texture": "#4"},
				"up": {"uv": [0, 16, 16, 0], "texture": "#1"},
				"down": {"uv": [0, 16, 16, 0], "texture": "#4"}
			}
		},
		{
			"from": [0, 0, 0],
			"to": [16, 1, 16],
			"rotation": {"angle": 0, "axis": "y", "origin": [8, 15, 8]},
			"faces": {
				"north": {"uv": [16, 0, 0, 1], "texture": "#4"},
				"east": {"uv": [16, 0, 0, 1], "texture": "#4"},
				"south": {"uv": [16, 0, 0, 1], "texture": "#4"},
				"west": {"uv": [16, 0, 0, 1], "texture": "#4"},
				"up": {"uv": [0, 16, 16, 0], "texture": "#4"},
				"down": {"uv": [0, 16, 16, 0], "texture": "#1"}
			}
		},
		{
			"from": [0, 1, 1],
			"to": [1, 15, 16],
			"rotation": {"angle": 0, "axis": "y", "origin": [0, 0, 16]},
			"faces": {
				"north": {"uv": [1, 1, 0, 15], "texture": "#4"},
				"east": {"uv": [16, 1, 1, 15], "texture": "#4"},
				"south": {"uv": [16, 15, 15, 1], "texture": "#4"},
				"west": {"uv": [15, 15, 0, 1], "texture": "#4"},
				"up": {"uv": [0, 15, 1, 0], "texture": "#4"},
				"down": {"uv": [0, 16, 1, 1], "texture": "#4"}
			}
		},
		{
			"from": [15, 1, 1],
			"to": [16, 15, 16],
			"rotation": {"angle": 0, "axis": "y", "origin": [0, 0, 16]},
			"faces": {
				"north": {"uv": [16, 1, 15, 15], "texture": "#4"},
				"east": {"uv": [16, 15, 1, 1], "texture": "#4"},
				"south": {"uv": [1, 15, 0, 1], "texture": "#4"},
				"west": {"uv": [15, 1, 0, 15], "texture": "#4"},
				"up": {"uv": [15, 15, 16, 0], "texture": "#4"},
				"down": {"uv": [15, 16, 16, 1], "texture": "#4"}
			}
		},
		{
			"from": [1, 1, 10],
			"to": [15, 15, 16],
			"rotation": {"angle": 0, "axis": "y", "origin": [0, 0, 16]},
			"faces": {
				"north": {"uv": [15, 1, 1, 15], "texture": "#4"},
				"east": {"uv": [16, 1, 10, 15], "texture": "#4"},
				"south": {"uv": [15, 15, 1, 1], "texture": "#4"},
				"west": {"uv": [6, 1, 0, 15], "texture": "#4"},
				"up": {"uv": [1, 6, 15, 0], "texture": "#4"},
				"down": {"uv": [1, 16, 15, 10], "texture": "#4"}
			}
		}
	],
	"display": {
		"thirdperson_righthand": {
			"rotation": [75, 45, 0],
			"translation": [0, 2.5, 0],
			"scale": [0.375, 0.375, 0.375]
		},
		"thirdperson_lefthand": {
			"rotation": [75, 45, 0],
			"translation": [0, 2.5, 0],
			"scale": [0.375, 0.375, 0.375]
		},
		"firstperson_righthand": {
			"rotation": [0, 45, 0],
			"scale": [0.4, 0.4, 0.4]
		},
		"firstperson_lefthand": {
			"rotation": [0, 225, 0],
			"scale": [0.4, 0.4, 0.4]
		},
		"ground": {
			"translation": [0, 3, 0],
			"scale": [0.25, 0.25, 0.25]
		},
		"gui": {
			"rotation": [30, 225, 0],
			"scale": [0.625, 0.625, 0.625]
		},
		"fixed": {
			"scale": [0.5, 0.5, 0.5]
		}
	},
	"groups": [
		{
			"name": "Shelf",
			"origin": [15, 9, 15],
			"color": 0,
			"children": [0, 1, 2, 3, 4, 5, 6, 7, 8, 9]
		}
	]
}