{
	"credit": "Yuushya",
	"textures": {
		"0": "block/the_flower_pot",
		"particle": "block/the_flower_pot"
	},
	"elements": [
		{
			"from": [5, 0, 5],
			"to": [11, 1, 11],
			"rotation": {"angle": 0, "axis": "y", "origin": [12, 8, 12]},
			"faces": {
				"north": {"uv": [1, 15, 7, 16], "texture": "#0"},
				"east": {"uv": [1, 15, 7, 16], "texture": "#0"},
				"south": {"uv": [1, 15, 7, 16], "texture": "#0"},
				"west": {"uv": [1, 15, 7, 16], "texture": "#0"},
				"up": {"uv": [9, 1, 15, 7], "texture": "#0"},
				"down": {"uv": [9, 1, 15, 7], "texture": "#0"}
			}
		},
		{
			"from": [5, 10, 5],
			"to": [11, 11, 11],
			"rotation": {"angle": 0, "axis": "y", "origin": [12, 18, 12]},
			"faces": {
				"north": {"uv": [1, 15, 7, 16], "texture": "#0"},
				"east": {"uv": [1, 15, 7, 16], "texture": "#0"},
				"south": {"uv": [1, 15, 7, 16], "texture": "#0"},
				"west": {"uv": [1, 15, 7, 16], "texture": "#0"},
				"up": {"uv": [9, 1, 15, 7], "texture": "#0"},
				"down": {"uv": [9, 1, 15, 7], "texture": "#0"}
			}
		},
		{
			"from": [4, 1, 4],
			"to": [12, 10, 12],
			"rotation": {"angle": 0, "axis": "y", "origin": [12, 18, 12]},
			"faces": {
				"north": {"uv": [0, 4, 8, 13], "texture": "#0"},
				"east": {"uv": [0, 4, 8, 13], "texture": "#0"},
				"south": {"uv": [0, 4, 8, 13], "texture": "#0"},
				"west": {"uv": [0, 4, 8, 13], "texture": "#0"},
				"up": {"uv": [8, 0, 16, 8], "rotation": 90, "texture": "#0"},
				"down": {"uv": [8, 0, 16, 8], "texture": "#0"}
			}
		},
		{
			"from": [6, 11, 6],
			"to": [10, 14, 7],
			"rotation": {"angle": 0, "axis": "y", "origin": [16, 19, 14]},
			"faces": {
				"north": {"uv": [2, 10, 6, 13], "texture": "#0"},
				"east": {"uv": [6, 10, 7, 13], "texture": "#0"},
				"south": {"uv": [4, 9, 8, 12], "texture": "#0"},
				"west": {"uv": [5, 10, 6, 13], "texture": "#0"},
				"up": {"uv": [2, 6, 6, 7], "texture": "#0"},
				"down": {"uv": [2, 6, 6, 7], "texture": "#0"}
			}
		},
		{
			"from": [6, 11, 9],
			"to": [10, 14, 10],
			"rotation": {"angle": 0, "axis": "y", "origin": [16, 19, 17]},
			"faces": {
				"north": {"uv": [4, 9, 8, 12], "texture": "#0"},
				"east": {"uv": [5, 10, 6, 13], "texture": "#0"},
				"south": {"uv": [1, 10, 5, 13], "texture": "#0"},
				"west": {"uv": [6, 10, 7, 13], "texture": "#0"},
				"up": {"uv": [2, 6, 6, 7], "texture": "#0"},
				"down": {"uv": [2, 6, 6, 7], "texture": "#0"}
			}
		},
		{
			"from": [6, 11, 7],
			"to": [7, 14, 9],
			"rotation": {"angle": 0, "axis": "y", "origin": [14, 19, 16]},
			"faces": {
				"north": {"uv": [0, 0, 1, 3], "texture": "#missing"},
				"east": {"uv": [5, 9, 7, 12], "texture": "#0"},
				"south": {"uv": [0, 0, 1, 3], "texture": "#missing"},
				"west": {"uv": [4, 10, 6, 13], "texture": "#0"},
				"up": {"uv": [10, 3, 11, 5], "texture": "#0"},
				"down": {"uv": [0, 0, 1, 2], "texture": "#missing"}
			}
		},
		{
			"from": [9, 11, 7],
			"to": [10, 14, 9],
			"rotation": {"angle": 0, "axis": "y", "origin": [17, 19, 16]},
			"faces": {
				"north": {"uv": [0, 0, 1, 3], "texture": "#missing"},
				"east": {"uv": [4, 10, 6, 13], "texture": "#0"},
				"south": {"uv": [0, 0, 1, 3], "texture": "#missing"},
				"west": {"uv": [6, 9, 8, 12], "texture": "#0"},
				"up": {"uv": [10, 3, 11, 5], "texture": "#0"},
				"down": {"uv": [0, 0, 1, 2], "texture": "#missing"}
			}
		},
		{
			"from": [5, 13, 5],
			"to": [6, 14, 11],
			"rotation": {"angle": 0, "axis": "y", "origin": [13, 21, 14]},
			"faces": {
				"north": {"uv": [1, 6, 2, 7], "texture": "#0"},
				"east": {"uv": [1, 6, 7, 7], "texture": "#0"},
				"south": {"uv": [1, 6, 2, 7], "texture": "#0"},
				"west": {"uv": [1, 6, 7, 7], "texture": "#0"},
				"up": {"uv": [9, 1, 10, 7], "texture": "#0"},
				"down": {"uv": [2, 6, 3, 12], "texture": "#0"}
			}
		},
		{
			"from": [10, 13, 5],
			"to": [11, 14, 11],
			"rotation": {"angle": 0, "axis": "y", "origin": [18, 21, 14]},
			"faces": {
				"north": {"uv": [1, 6, 2, 7], "texture": "#0"},
				"east": {"uv": [1, 6, 7, 7], "texture": "#0"},
				"south": {"uv": [1, 6, 2, 7], "texture": "#0"},
				"west": {"uv": [1, 6, 7, 7], "texture": "#0"},
				"up": {"uv": [14, 1, 15, 7], "texture": "#0"},
				"down": {"uv": [2, 6, 3, 12], "texture": "#0"}
			}
		},
		{
			"from": [6, 13, 5],
			"to": [10, 14, 6],
			"rotation": {"angle": 0, "axis": "y", "origin": [14, 21, 13]},
			"faces": {
				"north": {"uv": [2, 6, 6, 7], "texture": "#0"},
				"east": {"uv": [2, 6, 3, 7], "texture": "#0"},
				"south": {"uv": [2, 6, 6, 7], "texture": "#0"},
				"west": {"uv": [2, 6, 3, 7], "texture": "#0"},
				"up": {"uv": [10, 6, 14, 7], "texture": "#0"},
				"down": {"uv": [2, 6, 6, 7], "texture": "#0"}
			}
		},
		{
			"from": [6, 13, 10],
			"to": [10, 14, 11],
			"rotation": {"angle": 0, "axis": "y", "origin": [14, 21, 18]},
			"faces": {
				"north": {"uv": [2, 6, 6, 7], "texture": "#0"},
				"east": {"uv": [2, 6, 3, 7], "texture": "#0"},
				"south": {"uv": [2, 6, 6, 7], "texture": "#0"},
				"west": {"uv": [2, 6, 3, 7], "texture": "#0"},
				"up": {"uv": [10, 6, 14, 7], "texture": "#0"},
				"down": {"uv": [2, 6, 6, 7], "texture": "#0"}
			}
		}
	],
	"display": {
		"thirdperson_righthand": {
			"rotation": [75, 45, 0],
			"translation": [0, 2.5, 0],
			"scale": [0.375, 0.375, 0.375]
		},
		"thirdperson_lefthand": {
			"rotation": [75, 45, 0],
			"translation": [0, 2.5, 0],
			"scale": [0.375, 0.375, 0.375]
		},
		"firstperson_righthand": {
			"rotation": [0, 45, 0],
			"translation": [1, 1, 0],
			"scale": [0.4, 0.4, 0.4]
		},
		"firstperson_lefthand": {
			"rotation": [0, 45, 0],
			"translation": [1, 1, 0],
			"scale": [0.4, 0.4, 0.4]
		},
		"ground": {
			"translation": [0, 3, 0],
			"scale": [0.4, 0.4, 0.4]
		},
		"gui": {
			"rotation": [30, 225, 0],
			"scale": [0.8, 0.8, 0.8]
		},
		"fixed": {
			"scale": [0.5, 0.5, 0.5]
		}
	}
}