{
    "worldedit.expand.description.vert": "Perluas pilihan secara vertikal ke batas dunia.",
    "worldedit.expand.expanded": "Wilayah diperluas {0} blok",
    "worldedit.expand.expanded.vert": "Wilayah diperluas {0} blok (atas-ke-bawah).",
    "worldedit.biomeinfo.lineofsight": "Bioma pada garis pandang: {0}",
    "worldedit.biomeinfo.position": "Bioma pada posisi anda: {0}",
    "worldedit.biomeinfo.selection": "Bioma dalam pilihan anda: {0}",
    "worldedit.brush.radius-too-large": "Radius kuas maksimum yang diizinkan: {0}",
    "worldedit.brush.apply.description": "Terapkan kuas, terapkan fungsi ke setiap blok",
    "worldedit.brush.apply.radius": "Ukuran kuas",
    "worldedit.brush.apply.shape": "Bentuk wilayahnya",
    "worldedit.brush.apply.type": "Tipe kuas yang akan digunakan",
    "worldedit.brush.apply.item.warning": "Kuas ini mensimulasikan penggunaan item. Efeknya mungkin tidak bekerja pada semua platform, mungkin tidak dapat dibatalkan, dan mungkin menyebabkan interaksi aneh dengan modifikasi/plugin lain. Gunakan dengan resiko anda sendiri.",
    "worldedit.brush.paint.description": "Kuas cat, terapkan fungsi ke permukaan",
    "worldedit.brush.paint.size": "Ukuran kuas",
    "worldedit.brush.paint.shape": "Bentuk wilayahnya",
    "worldedit.brush.paint.density": "Kepadatan kuas",
    "worldedit.brush.paint.type": "Tipe kuas yang akan digunakan",
    "worldedit.brush.paint.item.warning": "Kuas ini mensimulasikan penggunaan item. Efeknya mungkin tidak bekerja pada semua platform, mungkin tidak dapat dibatalkan, dan mungkin menyebabkan interaksi aneh dengan modifikasi/plugin lain. Gunakan dengan resiko anda sendiri.",
    "worldedit.brush.sphere.equip": "Bentuk kuas bulat dilengkapi ({0}).",
    "worldedit.brush.cylinder.equip": "Bentuk kuas silinder dilengkapi ({0} oleh {1}).",
    "worldedit.brush.clipboard.equip": "Bentuk kuas clipboard dilengkapi.",
    "worldedit.brush.smooth.equip": "Kuas halus dilengkapi ({0} x {1}x using {2}).",
    "worldedit.brush.extinguish.equip": "Pemadam dilengkapi ({0}).",
    "worldedit.brush.gravity.equip": "Kuas gravitasi dilengkapi ({0}).",
    "worldedit.brush.butcher.equip": "Kuas daging dilengkapi ({0}).",
    "worldedit.brush.operation.equip": "Atur kuas ke {0}.",
    "worldedit.brush.heightmap.equip": "Kuas ketinggian peta dilengkapi ({0}).",
    "worldedit.brush.heightmap.unknown": "Kuas ketinggian peta tak diketahui: {0}.",
    "worldedit.brush.none.equip": "Kuas lepas dari item anda saat ini.",
    "worldedit.setbiome.changed": "Bioma diubah sekitar {0} blok.",
    "worldedit.setbiome.warning": "Anda mungkin harus bergabung kembali dengan permainan anda (atau tutup dan buka kembali dunia anda) untuk melihat perubahan.",
    "worldedit.drawsel.disabled": "CUI Server dinonaktifkan.",
    "worldedit.drawsel.disabled.already": "CUI Server sudah dinonaktifkan.",
    "worldedit.drawsel.enabled.already": "CUI Server sudah diaktifkan.",
    "worldedit.limit.too-high": "Batas maksimal yang diizinkan adalah {0}.",
    "worldedit.limit.set": "Batasan perubahan blok disetel ke {0}.",
    "worldedit.limit.return-to-default": "(Gunakan //limit untuk kembali ke default.)",
    "worldedit.timeout.too-high": "Waktu tunggu maksimum yang diizinkan adalah {0}ms.",
    "worldedit.timeout.set": "Waktu tunggu disetel ke {0}ms.",
    "worldedit.timeout.return-to-default": " (Gunakan //timeout untuk kembali ke default.)",
    "worldedit.fast.disabled": "Mode cepat dinonaktifkan.",
    "worldedit.fast.enabled": "Mode cepat diaktifkan. Pencahayaan di bagian yang terpengaruh mungkin salah dan/atau anda mungkin harus bergabung kembali untuk melihat perubahan.",
    "worldedit.fast.disabled.already": "Mode cepat sudah dinonaktifkan.",
    "worldedit.fast.enabled.already": "Mode cepat sudah diaktifkan.",
    "worldedit.perf.sideeffect.set": "Efek samping \"{0}\" disetel ke {1}",
    "worldedit.perf.sideeffect.get": "Efek samping \"{0}\" disetel ke {1}",
    "worldedit.perf.sideeffect.already-set": "Efek samping \"{0}\" sudah {1}",
    "worldedit.perf.sideeffect.set-all": "Semua efek samping disetel ke {0}",
    "worldedit.reorder.current": "Mode penyusunan ulang adalah {0}",
    "worldedit.reorder.set": "Mode penyusunan ulang sekarang menjadi {0}",
    "worldedit.gmask.disabled": "Topeng global dinonaktifkan.",
    "worldedit.gmask.set": "Topeng global disetel.",
    "worldedit.toggleplace.pos1": "Sekarang menempatkan di pos #1.",
    "worldedit.toggleplace.player": "Sekarang menempatkan di blok tempat anda berdiri.",
    "worldedit.searchitem.too-short": "Masukkan pencarian string yang lebih panjang (len > 2).",
    "worldedit.searchitem.either-b-or-i": "Anda tidak bisa menggunakan bendera 'b' dan 'i' secara bersamaan.",
    "worldedit.searchitem.searching": "(Mohon tunggu... mencari item.)",
    "worldedit.watchdog.no-hook": "Platform ini tidak memiliki kail pengawas.",
    "worldedit.watchdog.active.already": "Kail pengawas sudah aktif.",
    "worldedit.watchdog.inactive.already": "Kail pengawas sudah nonaktif.",
    "worldedit.watchdog.active": "Kail pengawas sekarang aktif.",
    "worldedit.watchdog.inactive": "Kail pengawas sekarang nonaktif.",
    "worldedit.world.remove": "Timpa dunia yang dihapus.",
    "worldedit.world.set": "Atur penimpaan dunia ke {0}. (Gunakan //world untuk kembali ke default)",
    "worldedit.undo.undone": "Membatalkan {0} suntingan yang tersedia.",
    "worldedit.undo.none": "Tidak ada yang bisa dibatalkan.",
    "worldedit.redo.redone": "Mengulangi {0} suntingan yang tersedia.",
    "worldedit.redo.none": "Tidak ada yang bisa diulangi.",
    "worldedit.clearhistory.cleared": "Riwayat dihapus.",
    "worldedit.raytrace.noblock": "Tidak ada blok dalam pandangan!",
    "worldedit.restore.not-configured": "Pemulihan snapshot/cadangan tidak dikonfigurasi.",
    "worldedit.restore.not-available": "Snapshot itu sudah tidak ada atau tidak tersedia.",
    "worldedit.restore.failed": "Gagal memuat snapshot: {0}",
    "worldedit.restore.loaded": "Snapshot '{0}' sedang memuat; sekarang memulihkan...",
    "worldedit.restore.restored": "Memulikan: {0} chunk yang hilang dan {1} kesalahan lainnya.",
    "worldedit.restore.none-for-specific-world": "Tidak ada snapshot ditemukan untuk dunia '{0}'.",
    "worldedit.restore.none-for-world": "Tidak ada snapshot ditemukan untuk dunia ini.",
    "worldedit.restore.none-found": "Tidak ada snapshot yang ditemukan.",
    "worldedit.restore.none-found-console": "Tidak ada snapshot ditemukan. Periksa konsol untuk detailnya.",
    "worldedit.restore.chunk-not-present": "Potongan tidak ada dalam snapshot.",
    "worldedit.restore.chunk-load-failed": "Tidak potongan yang termuat. (Arsip buruk?)",
    "worldedit.restore.block-place-failed": "Kesalahan mencegah setiap blok dipulihkan.",
    "worldedit.restore.block-place-error": "Kesalahan terakhir: {0}",
    "worldedit.snapshot.use.newest": "Sekarang menggunakan snapshot terbaru.",
    "worldedit.snapshot.use": "Snapshot disetel ke: {0}",
    "worldedit.snapshot.none-before": "Tidak dapat menemukan snapshot sebelum {0}.",
    "worldedit.snapshot.none-after": "Tidak dapat menemukan snapshot setelah {0}.",
    "worldedit.snapshot.index-above-0": "Indeks tidak valid, harus lebih atau sama dengan 1.",
    "worldedit.snapshot.index-oob": "Indeks tidak valid, harus antara 1 dan {0}.",
    "worldedit.schematic.unknown-format": "Format skema yang tidak diketahui: {0}.",
    "worldedit.schematic.load.does-not-exist": "Skema {0} tidak ada!",
    "worldedit.schematic.load.loading": "(Mohon tunggu... memuat skema.)",
    "worldedit.schematic.load.still-loading": "(Mohon tunggu... masih memuat skema.)",
    "worldedit.schematic.save.already-exists": "Skema itu sudah ada. Gunakan bendera -f untuk menimpanya.",
    "worldedit.schematic.save.failed-directory": "Tidak dapat membuat berkas untuk skema!",
    "worldedit.schematic.save.saving": "(Mohon tunggu... menyimpan skema.)",
    "worldedit.schematic.save.still-saving": "(Mohon tunggu... masih menyimpan skema.)",
    "worldedit.schematic.delete.does-not-exist": "Skema {0} tidak ada!",
    "worldedit.schematic.delete.failed": "Penghapusan {0} gagal! Apakah ini hanya-baca?",
    "worldedit.schematic.delete.deleted": "{0} sudah dihapus.",
    "worldedit.schematic.formats.title": "Format papan klip yang tersedia (Nama: Nama pencarian)",
    "worldedit.schematic.unsupported-minecraft-version": "Versi WorldEdit ini tidak mendukung versi Minecraft anda. Skema tidak akan bekerja sampai ini diselesaikan.",
    "worldedit.pos.already-set": "Posisi telah diatur.",
    "worldedit.pos.console-require-coords": "Anda harus memberikan koordinat sebagai konsol.",
    "worldedit.hpos.no-block": "Tidak ada blok dalam pandangan!",
    "worldedit.hpos.already-set": "Posisi telah diatur.",
    "worldedit.chunk.selected-multiple": "Potongan yang dipilih: ({0}, {1}, {2}) - ({3}, {4}, {5})",
    "worldedit.chunk.selected": "Potongan yang dipilih: {0}, {1}, {2}",
    "worldedit.wand.invalid": "Item tongkat salah dikonfigurasi atau dinonaktifkan.",
    "worldedit.wand.selwand.info": "Klik kiri: pilih pos #1; Klik kanan: pilih pos #2",
    "worldedit.wand.navwand.info": "Klik kiri: menuju lokasi; Klik kanan: menembus tembok",
    "worldedit.wand.selwand.now.tool": "Tongkat yang dipilih sekarang adalah alat normal. Anda dapat menonaktifkannya dengan {0} dan memasangnyaa kembali ke item apapun dengan {1} atau dapatkan tongkat baru dengan {2}.",
    "worldedit.contract.contracted": "Wilayah dikontrak {0} blok.",
    "worldedit.shift.shifted": "Wilayah digeser.",
    "worldedit.outset.outset": "Wilayah awal.",
    "worldedit.inset.inset": "Wilayah sisipan.",
    "worldedit.size.offset": "Mengimbangi: {0}",
    "worldedit.size.type": "Tipe: {0}",
    "worldedit.size.size": "Ukuran: {0}",
    "worldedit.size.distance": "Jarak berbentuk kubus: {0}",
    "worldedit.size.blocks": "# blok: {0}",
    "worldedit.count.counted": "Terhitung: {0}",
    "worldedit.distr.no-blocks": "Tidak ada blok yang dihitung.",
    "worldedit.distr.no-previous": "Tidak Ada distribusi sebelumnya.",
    "worldedit.distr.total": "Jumlah Blok Total: {0}",
    "worldedit.select.cleared": "Pilihan dibersihkan.",
    "worldedit.select.cuboid.message": "Bentuk kubus: Klik kiri untuk poin 1, klik kanan untuk poin 2",
    "worldedit.select.cuboid.description": "Pilih dua sudut berbentuk kubus",
    "worldedit.select.extend.message": "Bentuk kubus: klik kiri untuk titik awal, klik kanan untuk memperpanjang",
    "worldedit.select.extend.description": "Mode pemilihan kubus cepat",
    "worldedit.select.poly.message": "Pemilih poligon 2D: Klik kiri/kanan untuk menambah titik.",
    "worldedit.select.poly.limit-message": "{0} poin maksimum.",
    "worldedit.select.poly.description": "Pilih poligon 2D dengan ketinggian",
    "worldedit.select.ellipsoid.message": "Pemilih elipsoid: klik kiri=tengah, klik kanan untuk memperpanjang",
    "worldedit.select.ellipsoid.description": "Pilih elipsoid",
    "worldedit.select.sphere.message": "Pemilih bola: klik kiri=tengah, klik kanan untuk menyetel radius",
    "worldedit.select.sphere.description": "Pilih bola",
    "worldedit.select.cyl.message": "Pemilih silinder: Klik kiri=tengah, klik kanan untuk memperpanjang",
    "worldedit.select.cyl.description": "Pilih silinder",
    "worldedit.select.convex.message": "Pemilih polihedral cembung: Klik kiri=Titik pertama, klik kanan untuk menambahkan lebih banyak.",
    "worldedit.select.convex.limit-message": "{0} poin maksimum.",
    "worldedit.select.convex.description": "Pilih polihedral cembung",
    "worldedit.select.default-set": "Pemilih wilayah default anda sekarang adalah {0}.",
    "worldedit.chunkinfo.chunk": "Potongan: {0}, {1}",
    "worldedit.chunkinfo.old-filename": "Format lama: {0}",
    "worldedit.chunkinfo.mcregion-filename": "McRegion: wilayah/{0}",
    "worldedit.listchunks.listfor": "Daftar potongan untuk: {0}",
    "worldedit.drain.drained": "{0} blok telah dikeringkan.",
    "worldedit.fill.created": "{0} blok telah diisi.",
    "worldedit.fillr.created": "{0} blok telah diisi.",
    "worldedit.fixlava.fixed": "{0} blok telah diperbaiki.",
    "worldedit.fixwater.fixed": "{0} blok telah diperbaiki.",
    "worldedit.removeabove.removed": "{0} blok telah dihapus.",
    "worldedit.removebelow.removed": "{0} blok telah dihapus.",
    "worldedit.removenear.removed": "{0} blok telah dihapus.",
    "worldedit.replacenear.replaced": "{0} blok telah diganti.",
    "worldedit.snow.created": "{0} permukaan telah ditutup.",
    "worldedit.thaw.removed": "{0} blok telah dicairkan.",
    "worldedit.green.changed": "{0} blok telah dihijaukan.",
    "worldedit.extinguish.removed": "{0} api telah dipadamkan.",
    "worldedit.butcher.killed": "{0} mob telah dibunuh dalam radius {1}.",
    "worldedit.butcher.explain-all": "Gunakan -1 untuk menghapus semua mob di potongan yang dimuat",
    "worldedit.remove.removed": "{0} entiti telah ditandai untuk pemindahan.",
    "worldedit.remove.explain-all": "Gunakan -1 untuk menghapus semua entiti di potongan yang dimuat",
    "worldedit.calc.invalid": "'{0}' tidak dapat diurai sebagai ekspresi yang valid",
    "worldedit.calc.invalid.with-error": "'{0}' tidak dapat diurai sebagai ekspresi yang valid: '{1}'",
    "worldedit.paste.pasted": "Papan klip telah ditempelkan di {0}",
    "worldedit.paste.selected": "Wilayah tempel papan klip yang dipilih.",
    "worldedit.rotate.no-interpolation": "Catatan: Interpolasi belum didukung, jadi disarankan untuk menggunakan sudut pandang kelipatan 90.",
    "worldedit.rotate.rotated": "Salinan papan klip telah diputar.",
    "worldedit.flip.flipped": "Salinan papan klip telah dibalik.",
    "worldedit.clearclipboard.cleared": "Papan klip dihapus.",
    "worldedit.set.done": "Pengerjaan selesai.",
    "worldedit.set.done.verbose": "Pengerjaan selesai ({0}).",
    "worldedit.line.changed": "{0} blok telah diubah.",
    "worldedit.line.invalid-type": "//line hanya bekerja dengan pilihan berbentuk kubus atau pemilihan polihedral cembung",
    "worldedit.curve.changed": "{0} blok telah diubah.",
    "worldedit.curve.invalid-type": "//curve hanya bekerja dengan pemilihan polihedral cembung",
    "worldedit.replace.replaced": "{0} blok telah diganti.",
    "worldedit.stack.changed": "{0} blok diubah. Pulihkan dengan //undo",
    "worldedit.stack.intersecting-region": "Offset tumpukan tidak boleh bertabrakan dengan wilayah saat menggunakan unit blok",
    "worldedit.regen.regenerated": "Wilayah dibuat ulang.",
    "worldedit.regen.failed": "Tidak dapat membuat ulang potongan. Periksa konsol untuk detail.",
    "worldedit.walls.changed": "{0} blok telah diubah.",
    "worldedit.faces.changed": "{0} blok telah diubah.",
    "worldedit.overlay.overlaid": "{0} blok telah dilapisi.",
    "worldedit.naturalize.naturalized": "{0} blok telah dibuat untuk terlihat lebih natural.",
    "worldedit.center.changed": "Set pusat. ({0} blok diubah)",
    "worldedit.smooth.changed": "Peta ketinggian medan diperhalus. {0} blok berubah.",
    "worldedit.move.moved": "{0} blok dipindahkan.",
    "worldedit.deform.deformed": "{0} blok telah berubah bentuk.",
    "worldedit.hollow.changed": "{0} blok telah diubah.",
    "worldedit.forest.created": "{0} pohon dibuat.",
    "worldedit.flora.created": "{0} flora dibuat.",
    "worldedit.unstuck.moved": "Ini dia!",
    "worldedit.ascend.obstructed": "Tidak ada tempat kosong diatas yang anda temukan.",
    "worldedit.ascend.moved": "Naik {0} level.",
    "worldedit.descend.obstructed": "Tidak ada tempat kosong dibawah yang anda temukan.",
    "worldedit.descend.moved": "Turun {0} level.",
    "worldedit.ceil.obstructed": "Tidak ada tempat kosong diatas yang anda temukan.",
    "worldedit.ceil.moved": "Woosh!",
    "worldedit.thru.obstructed": "Tidak ada tempat di depan yang anda temukan.",
    "worldedit.thru.moved": "Woosh!",
    "worldedit.jumpto.moved": "Poof!",
    "worldedit.jumpto.none": "Tidak ada blok dalam pandangan (atau terlalu jauh)!",
    "worldedit.up.obstructed": "Anda akan mengenai sesuatu di atas anda.",
    "worldedit.up.moved": "Woosh!",
    "worldedit.cyl.invalid-radius": "Anda harus menentukan 1 atau 2 nilai radius.",
    "worldedit.cyl.created": "{0} blok telah dibuat.",
    "worldedit.sphere.invalid-radius": "Anda harus menentukan 1 atau 3 nilai radius.",
    "worldedit.sphere.created": "{0} blok telah dibuat.",
    "worldedit.forestgen.created": "{0} pohon dibuat.",
    "worldedit.pumpkins.created": "{0} tambalan labu dibuat.",
    "worldedit.pyramid.created": "{0} blok telah dibuat.",
    "worldedit.generate.created": "{0} blok telah dibuat.",
    "worldedit.generatebiome.changed": "{0} bioma terpengaruh.",
    "worldedit.reload.config": "Konfigurasi dimuat ulang!",
    "worldedit.report.written": "Laporan WorldEdit ditulis di {0}",
    "worldedit.report.error": "Gagal membuat laporan: {0}",
    "worldedit.report.callback": "Laporan WorldEdit: {0}.melaporkan",
    "worldedit.timezone.invalid": "Zona waktu tidak valid",
    "worldedit.timezone.set": "Zona waktu disetel untuk sesi ini ke: {0}",
    "worldedit.timezone.current": "Waktu sekarang di zona waktu itu adalah: {0}",
    "worldedit.version.version": "Versi WorldEdit {0}",
    "worldedit.version.bukkit.unsupported-adapter": "Versi WorldEdit ini tidak sepenuhnya mendukung versi Bukkit anda. Blok entiti (misalnya peti) akan kosong, properti blok (misalnya rotasi) akan hilang, dan hal lain mungkin tak akan bekerja. Perbarui WorldEdit untuk mengembalikan fungsi ini:\n{0}",
    "worldedit.trace.no-tracing-extents": "Jejak: Tidak ada batas yang digunakan.",
    "worldedit.trace.action-failed": "Jejak: Aksi {0} di {1} dibuang sejauh {2}",
    "worldedit.trace.active.already": "Mode jejak sudah aktif.",
    "worldedit.trace.inactive.already": "Mode jejak sudah nonaktif.",
    "worldedit.trace.active": "Mode jejak telah diaktifkan.",
    "worldedit.trace.inactive": "Mode jejak telah dinonaktifkan.",
    "worldedit.command.time-elapsed": "{0} berlalu (sejarah: {1} diubah; {2} blok/detik).",
    "worldedit.command.permissions": "Anda tidak diizinkan melakukan itu. Apakah anda dalam mode yang benar?",
    "worldedit.command.player-only": "Perintah ini harus digunakan dengan pemain.",
    "worldedit.command.error.report": "Tolong laporkan kesalahan ini: [Lihat konsol]",
    "worldedit.pastebin.uploading": "(Mohon tunggu... mengirim keluaran ke pastebin...)",
    "worldedit.session.cant-find-session": "Tidak dapat menemukan sesi untuk {0}",
    "worldedit.platform.no-file-dialog": "Berkas dialog tidak didukung di lingkungan anda.",
    "worldedit.asset.load.loading": "(Mohon tunggu... memuat aset.)",
    "worldedit.asset.load.still-loading": "(Mohon tunggu... masih memuat aset.)",
    "worldedit.asset.load.failed": "Gagal memuat aset",
    "worldedit.tool.max-block-changes": "Batas perubahan blok maksimal dicapai.",
    "worldedit.tool.no-block": "Tidak ada blok dalam pandangan!",
    "worldedit.tool.repl.equip": "Alat pengganti blok terikat ke {0}.",
    "worldedit.tool.repl.switched": "Alat pengganti beralih ke: {0}",
    "worldedit.tool.data-cycler.equip": "Alat siklus data blok terikat ke {0}.",
    "worldedit.tool.data-cycler.block-not-permitted": "Anda tidak diizinkan untuk memutar nilai data blok itu.",
    "worldedit.tool.data-cycler.cant-cycle": "Data blok tersebut tidak dapat diputar!",
    "worldedit.tool.data-cycler.new-value": "Nilai {0} sekarang {1}.",
    "worldedit.tool.data-cycler.cycling": "Sekarang memutar {0}.",
    "worldedit.tool.deltree.equip": "Alat penghapus pohon yang mengambang terikat ke {0}.",
    "worldedit.tool.deltree.not-tree": "Itu bukan pohon.",
    "worldedit.tool.deltree.not-floating": "Itu bukan pohon yang mengambang.",
    "worldedit.tool.tree.equip": "Alat pohon terikat ke {0}.",
    "worldedit.tool.tree.obstructed": "Sebuah pohon tidak bisa pergi kesana.",
    "worldedit.tool.info.equip": "Alat info terikat ke {0}.",
    "worldedit.tool.info.blockstate.hover": "Keadaan blok",
    "worldedit.tool.info.internalid.hover": "ID Internal",
    "worldedit.tool.info.legacy.hover": "Id lama:data",
    "worldedit.tool.info.light.hover": "Blok Cahaya/Cahaya Di atas",
    "worldedit.tool.none.equip": "Alat lepas dari item anda saat ini.",
    "worldedit.tool.none.to.unequip": "Item anda sekarang tidak terikat.",
    "worldedit.tool.selwand.equip": "Pilihan tongkat terikat ke {0}.",
    "worldedit.tool.navwand.equip": "Tongkat Navigasi terikat ke {0}.",
    "worldedit.tool.floodfill.equip": "Alat pengisi blok terikat ke {0}.",
    "worldedit.tool.farwand.equip": "Alat tongkat jauh terikat ke {0}.",
    "worldedit.tool.lrbuild.equip": "Alat bangunan jarak jauh terikat ke {0}.",
    "worldedit.tool.lrbuild.set": "Klik kiri setel ke {0}; klik kanan setel ke {1}.",
    "worldedit.tool.stack.equip": "Alat tumpukan terikat ke {0}.",
    "worldedit.tool.unbind-instruction": "Jalankan {0} sambil memegang item untuk melepaskannya.",
    "worldedit.tool.superpickaxe.mode.single": "Mode sekarang sendiri. Klik kiri dengan beliung. // untuk menonaktifkan.",
    "worldedit.tool.superpickaxe.mode.area": "Mode sekarang area. Klik kiri dengan beliung. // untuk menonaktifkan.",
    "worldedit.tool.superpickaxe.mode.recursive": "Mode sekarang rekursif. Klik kiri dengan beliung. // untuk menonaktifkan.",
    "worldedit.tool.superpickaxe.max-range": "Jarak maksimum adalah {0}.",
    "worldedit.tool.superpickaxe.enabled.already": "Beliung super sudah diaktifkan.",
    "worldedit.tool.superpickaxe.disabled.already": "Beliung super sudah dinonaktifkan.",
    "worldedit.tool.superpickaxe.enabled": "Beliung super diaktifkan.",
    "worldedit.tool.superpickaxe.disabled": "Beliung super dinonaktifkan.",
    "worldedit.tool.mask.set": "Setel masker kuas.",
    "worldedit.tool.mask.disabled": "Topeng kuas dinonaktifkan.",
    "worldedit.tool.material.set": "Setel material kuas.",
    "worldedit.tool.range.set": "Setel jarak kuas.",
    "worldedit.tool.size.set": "Setel ukuran kuas.",
    "worldedit.tool.tracemask.set": "Setel jejak masker.",
    "worldedit.tool.tracemask.disabled": "Jejak masker dinonaktifkan.",
    "worldedit.tool.error.cannot-bind": "Tidak dapat mengikat alat ke {0}: {1}",
    "worldedit.tool.error.item-only": "Blok tidak dapat digunakan.",
    "worldedit.execute.script-permissions": "Anda tidak memiliki izin untuk menggunakan skrip tersebut.",
    "worldedit.executelast.no-script": "Gunakan /cs dengan nama skrip dahulu.",
    "worldedit.script.read-error": "Kesalahan pembaca skrip: {0}",
    "worldedit.script.unsupported": "Hanya skrip .js yang sekarang didukung",
    "worldedit.script.file-not-found": "Skrip tidak ada: {0}",
    "worldedit.script.no-script-engine": "Gagal menemukan mesin skrip yang terinstal.\nMohon lihat https://worldedit.enginehub.org/en/latest/usage/other/craftscripts/",
    "worldedit.script.failed": "Gagal mengeksekusi: {0}",
    "worldedit.script.failed-console": "Gagal mengeksekusi (lihat konsol): {0}",
    "worldedit.operation.affected.biome": "{0} bioma terpengaruh",
    "worldedit.operation.affected.block": "{0} blok terpengaruh",
    "worldedit.operation.affected.column": "{0} kolom terpengaruh",
    "worldedit.operation.affected.entity": "{0} entiti terpengaruh",
    "worldedit.operation.deform.expression": "cacat menggunakan {0}",
    "worldedit.error.invalid-number": "Jumlah diharapkan; string diberikan.",
    "worldedit.error.invalid-number.matches": "Jumlah diharapkan; string \"{0}\" diberikan.",
    "worldedit.error.incomplete-region": "Tentukan dahulu pemilihan wilayah.",
    "worldedit.error.unknown-block": "Nama blok '{0}' tidak dikenali.",
    "worldedit.error.unknown-entity": "Nama entiti '{0}' tidak dikenali.",
    "worldedit.error.unknown-mob": "Nama mob '{0}' tidak dikenali.",
    "worldedit.error.unknown-biome": "Nama bioma '{0}' tidak dikenali.",
    "worldedit.error.unknown-tag": "Nama tag '{0}' tidak dikenali.",
    "worldedit.error.empty-tag": "Nama tag '{0}' tidak ada isinya.",
    "worldedit.error.no-match": "Tidak ada yang cocok untuk '{0}'.",
    "worldedit.error.disallowed-block": "Blok '{0}' tidak diperbolehkan (lihat konfigurasi WorldEdit).",
    "worldedit.error.max-changes": "Blok maksimum diubah dalam operasi tercapai ({0}).",
    "worldedit.error.max-brush-radius": "Radius maksimal kuas (dalam konfigurasi): {0}",
    "worldedit.error.max-radius": "Radius maksimum (dalam konfigurasi): {0}",
    "worldedit.error.unknown-direction": "Arah tidak diketahui: {0}",
    "worldedit.error.empty-clipboard": "Papan klip anda kosong. Gunakan //copy dahulu.",
    "worldedit.error.invalid-filename": "Nama berkas '{0}' tidak valid: {1}",
    "worldedit.error.invalid-filename.invalid-characters": "Karakter tidak valid atau ekstensi hilang",
    "worldedit.error.file-resolution": "Berkas '{0}' kesalahan resolusi: {1}",
    "worldedit.error.file-resolution.outside-root": "Jalur berada di luar root yang diizinkan",
    "worldedit.error.file-resolution.resolve-failed": "Gagal menyelesaikan jalan",
    "worldedit.error.file-aborted": "Pemilihan berkas dibatalkan.",
    "worldedit.error.no-file-selected": "Tidak ada berkas yang dipilih.",
    "worldedit.error.world-unloaded": "Dunia sudah dibongkar.",
    "worldedit.error.not-a-block": "Item ini bukan sebuah blok.",
    "worldedit.error.not-a-block.item": "Item '{0}' bukan sebuah blok.",
    "worldedit.error.incorrect-usage": "Penggunaan: {0}",
    "worldedit.error.invalid-page": "Nomor halaman tidak valid",
    "worldedit.error.parser.bad-state-format": "Format keadaan buruk di {0}",
    "worldedit.error.parser.duplicate-property": "Duplikat properti: {0}",
    "worldedit.error.parser.empty-state": "Bagian dalam keadaan kosong",
    "worldedit.error.parser.missing-equals-separator": "Pemisah '=' tidak ada",
    "worldedit.error.parser.clipboard.missing-offset": "Offset ditentukan dengan @ tetapi tidak ada offset yang diberikan. Gunakan '#copy@[x,y,z]'.",
    "worldedit.error.parser.unknown-property": "Properti tidak diketahui '{0}' untuk blok '{1}'",
    "worldedit.error.parser.unknown-value": "Nilai tidak diketahui '{0}' untuk properti '{1}'",
    "worldedit.error.parser.empty-property": "Properti dalam keadaan kosong",
    "worldedit.error.parser.empty-value": "Nilai dalam keadaan kosong",
    "worldedit.error.parser.invalid-colon": "Titik dua tidak valid.",
    "worldedit.error.parser.invalid-expression": "Ekspresi yang tidak valid: {0}",
    "worldedit.error.parser.negate-nothing": "Tidak dapat meniadakan apapun!",
    "worldedit.error.parser.hanging-lbracket": "Format tidak valid. Braket gantung di '{0}'.",
    "worldedit.error.parser.missing-rbracket": "Keadaan tidak memiliki jejak ']'",
    "worldedit.error.parser.missing-random-type": "Kehilangan tipe setelah simbol % untuk '{0}'",
    "worldedit.error.parser.clipboard.missing-coordinates": "Offset papan klip membutuhkan koordinat x,y,z.",
    "worldedit.error.parser.player-only": "Input '{0}' membutuhkan pemain!",
    "worldedit.error.disabled": "Fungsi ini dinonaktifkan (lihat konfigurasi WorldEdit).",
    "worldedit.error.unknown": "Terjadi kesalahan yang tidak diketahui: {0}",
    "worldedit.error.missing-extent": "Tidak ada Luas yang diketahui",
    "worldedit.error.missing-session": "Tidak ada SesiLokal yang diketahui",
    "worldedit.error.missing-world": "Anda harus menyediakan dunia (Coba //world)",
    "worldedit.error.missing-actor": "Tidak ada aktor yang diketahui",
    "worldedit.selection.convex.info.vertices": "Sudut: {0}",
    "worldedit.selection.convex.info.triangles": "Segitiga: {0}",
    "worldedit.selection.convex.explain.primary": "Memulai seleksi baru dengan simpul {0}.",
    "worldedit.selection.convex.explain.secondary": "Menambahkan simpul {0} ke pilihan.",
    "worldedit.selection.cuboid.info.pos1": "Posisi 1: {0}",
    "worldedit.selection.cuboid.info.pos2": "Posisi 2: {0}",
    "worldedit.selection.cuboid.explain.primary": "Posisi pertama disetel di {0}.",
    "worldedit.selection.cuboid.explain.primary-area": "Posisi pertama disetel di {0} ({1}).",
    "worldedit.selection.cuboid.explain.secondary": "Posisi kedua disetel di {0}.",
    "worldedit.selection.cuboid.explain.secondary-area": "Posisi kedua disetel di {0} ({1}).",
    "worldedit.selection.extend.explain.primary": "Pilihan dimulai di {0} ({1}).",
    "worldedit.selection.extend.explain.secondary": "Pilihan tambahan untuk mencakup {0} ({1}).",
    "worldedit.selection.ellipsoid.info.center": "Pusat: {0}",
    "worldedit.selection.ellipsoid.info.radius": "Radius X/Y/Z: {0}",
    "worldedit.selection.ellipsoid.explain.primary": "Posisi pusat disetel ke {0}.",
    "worldedit.selection.ellipsoid.explain.primary-area": "Posisi pusat disetel ke {0} ({1}).",
    "worldedit.selection.ellipsoid.explain.secondary": "Radius disetel ke {0}.",
    "worldedit.selection.ellipsoid.explain.secondary-area": "Radius disetel ke {0} ({1}).",
    "worldedit.selection.ellipsoid.error.even-horizontal": "Perubahan elipsoid harus merata untuk setiap dimensi.",
    "worldedit.selection.cylinder.info.center": "Pusat: {0}",
    "worldedit.selection.cylinder.info.radius": "Radius: {0}",
    "worldedit.selection.cylinder.explain.primary": "Memulai pemilihan silinder baru di {0}.",
    "worldedit.selection.cylinder.explain.secondary": "Radius disetel di {0}/{1} blok. ({2})",
    "worldedit.selection.cylinder.explain.secondary-missing": "Anda harus memilih titik pusat sebelum menyetel radius.",
    "worldedit.selection.cylinder.error.even-horizontal": "Perubahan silinder harus merata untuk setiap dimensi horizontal.",
    "worldedit.selection.polygon2d.info": "# poin: {0}",
    "worldedit.selection.polygon2d.explain.primary": "Memulai poligon baru di {0}.",
    "worldedit.selection.polygon2d.explain.secondary": "Ditambahkan poin #{0} di {1}.",
    "worldedit.selection.polygon2d.error.expand-only-vertical": "Poligon hanya bisa diperluas secara vertikal.",
    "worldedit.selection.polygon2d.error.contract-only-vertical": "Poligon hanya bisa dikontrak secara vertikal.",
    "worldedit.selection.sphere.explain.secondary": "Radius disetel ke {0}.",
    "worldedit.selection.sphere.explain.secondary-defined": "Radius disetel ke {0} ({1}).",
    "worldedit.selection.null.error.immutable": "Tidak dapat mengubah WilayahNull.",
    "worldedit.selection.intersection.error.cannot-expand": "Tidak dapat memperluas persimpangan wilayah.",
    "worldedit.selection.intersection.error.cannot-contract": "Tidak dapat mengontrak persimpangan wilayah.",
    "worldedit.selection.transform.error.cannot-expand": "Tidak dapat memperluas Wilayah yang Diubah.",
    "worldedit.selection.transform.error.cannot-contract": "Tidak dapat mengontrak Wilayah yang Diubah.",
    "worldedit.selection.transform.error.cannot-change": "Tidak dapat mengubah Wilayah yang Diubah.",
    "worldedit.sideeffect.lighting": "Pencahayaan",
    "worldedit.sideeffect.lighting.description": "Perbarui pencahayaan blok",
    "worldedit.sideeffect.neighbors": "Tetangga",
    "worldedit.sideeffect.neighbors.description": "Memberitahu blok perubahan terdekat",
    "worldedit.sideeffect.update": "Pembaruan",
    "worldedit.sideeffect.update.description": "Memberitahu blok yang diubah",
    "worldedit.sideeffect.validation": "Validasi",
    "worldedit.sideeffect.validation.description": "Memvalidasi dan perbaikan keadaan dunia yang tidak konsisten, seperti blok yang terputus",
    "worldedit.sideeffect.entity_ai": "AI entiti",
    "worldedit.sideeffect.entity_ai.description": "Memperbarui jalur AI entiti untuk perubahan blok",
    "worldedit.sideeffect.events": "Acara Mod/Plugin",
    "worldedit.sideeffect.events.description": "Memberitahu mod/plugin lain tentang perubahan ini jika berlaku",
    "worldedit.sideeffect.state.on": "Aktif",
    "worldedit.sideeffect.state.delayed": "Tertunda",
    "worldedit.sideeffect.state.off": "Nonaktif",
    "worldedit.sideeffect.box.current": "Saat ini",
    "worldedit.sideeffect.box.change-to": "Klik untuk menyetel ke {0}",
    "worldedit.help.command-not-found": "Perintah '{0}' tidak dapat ditemukan.",
    "worldedit.help.no-subcommands": "'{0}' tidak memiliki sub-perintah. (Mungkin '{1}' adalah untuk parameter?)",
    "worldedit.help.subcommand-not-found": "Sub-perintah '{0}' dibawah '{1}' tidak dapat ditemukan.",
    "worldedit.cli.stopping": "Menghentikan!",
    "worldedit.cli.unknown-command": "Perintah tidak diketahui!"
}
