{
    "type": "origins:damage_over_time",
    "interval": 20,
    "damage": 2,
    "damage_source": {
        "name": "hurt_by_water",
        "unblockable": true,
        "bypass_armor": true
    },
    "condition": {
        "type": "origins:or",
        "conditions": [
            {
                "type": "origins:fluid_height",
                "fluid": "minecraft:water",
                "comparison": ">",
                "compare_to": 0
            },
            {
                "type": "origins:in_rain"
            }
        ]
    },
    "name": "Hydrophobia",
    "description": "Living in Hell has made you weak against water"
}