{
    "key": "grave_metal",
    "category": "metal",
    "primary": 7.3,
    "secondary": 1.3,
    "tertiary": 2.1,
    "durability": 2031,
    "integrityCost": 2,
    "integrityGain": 8,
    "magicCapacity": 70,
    "toolLevel": "minecraft:netherite",
    "toolEfficiency": 9,
    "tints": {
        "glyph": "4e5a44",
        "texture": "4e5a44"
    },
    "textures": [
        "heavy",
        "metal"
    ],
    "material": {
        "items": [ "undead_unleashed:grave_metal_ingot" ]
    },
    "requiredTools": {
        "hammer_dig": "minecraft:iron"
    }
}
