{
    "key": "ignitium_ingot",
    "category": "metal",
    "primary": 7.35,
    "secondary": 1.8,
    "tertiary": 1.5,
    "durability": 2400,
    "integrityCost": 2,
    "integrityGain": 8,
    "magicCapacity": 80,
    "toolLevel": "minecraft:netherite",
    "toolEfficiency": 9,
    "tints": {
        "glyph": "fcbe30",
        "texture": "fcbe30"
    },
    "textures": [
        "heavy",
        "metal"
    ],
    "material": {
        "items": [ "cataclysm:ignitium_ingot" ]
    },
    "requiredTools": {
        "hammer_dig": "minecraft:iron"
    }
}
