{
	"replace": false,
	"slots": [ "double/binding" ],
	"type": "tetra:basic_module",
	"renderLayer": "higher",
	"variants": [
		{
			"key": "double_socket/ectoplasm",
			"category": "misc",
			"durability": 50,
			"integrity": -1,
			"attributes": {
				"**generic.attack_damage": 0.05
			},
			"glyph": {
				"textureX": 80,
				"textureY": 16
			},
			"models": [{
				"location": "tetra:items/module/double/binding/undead_expansion/ectoplasm"
			}],
			"effects": {
				"earthbind": [ 5, 1 ]
			}
		},
		{
			"key": "double_socket/embers",
			"category": "misc",
			"durability": 15,
			"integrity": -1,
			"attributes": {
				"**generic.attack_damage": 0.09
			},
			"glyph": {
				"textureX": 80,
				"textureY": 16
			},
			"models": [{
				"location": "tetra:items/module/double/binding/undead_expansion/ember"
			}],
			"effects": {
				"tetrapak:scorching": 1,
				"fierySelf": 1
			}
		},
		{
			"key": "double_socket/blighted_remains",
			"category": "misc",
			"durability": 20,
			"integrity": -1,
			"attributes": {
				"**generic.attack_damage": 0.1
			},
			"glyph": {
				"textureX": 80,
				"textureY": 16
			},
			"models": [{
				"location": "tetra:items/module/double/binding/undead_expansion/blighted_remains"
			}],
			"effects": {
				"intuit": 1,
				"stabilizing": 1,
				"armorPenetration": 1
			}
		},
		{
			"key": "double_socket/seed_of_chaos",
			"category": "misc",
			"durability": 600,
			"durabilityMultiplier": 1.0,
			"integrity": -1,
			"attributes": {
				"**generic.attack_damage": 0.2
			},
			"glyph": {
				"textureX": 80,
				"textureY": 16
			},
			"models": [{
				"location": "tetra:items/module/double/binding/born_in_chaos/seed_of_chaos"
			}],
			"effects": {
				"intuit": 1,
				"bleeding": [1, 1]
			}
		},
		{
			"key": "double_socket/ethereal_spirit",
			"category": "misc",
			"durability": 500,
			"durabilityMultiplier": 1.0,
			"integrity": -1,
			"attributes": {
				"generic.attack_damage": 1.5
			},
			"glyph": {
				"textureX": 80,
				"textureY": 16
			},
			"models": [{
				"location": "tetra:items/module/double/binding/born_in_chaos/ethereal_spirit"
			}],
			"effects": {
				"unbreaking": 5,
				"haunted": [3, 0.01],
				"crushing": 2.5
			}
		}
	]
}