{
  "Version": 1.0,
  "attributemap": {
    "double/head_left": {
      "double/basic_hammer_left": {
        "type": "improvement",
        "key": "double/head_left",
        "improvement": "double/warforged",
        "config": {
          "attributes": {
            "parent": "bettercombat:hammer"
          }
        }
      },
      "double/basic_axe_left": {
        "type": "improvement",
        "key": "double/head_left",
        "improvement": "double/warforged",
        "config": {
          "attributes": {
            "parent": "bettercombat:heavy_axe"
          }
        }
      },
      "double/basic_pickaxe_left": {
        "type": "improvement",
        "key": "double/head_left",
        "improvement": "double/warforged",
        "config": {
          "attributes": {
            "parent": "bettercombat:pickaxe"
          }
        }
      },
      "double/hoe_left": {
        "type": "improvement",
        "key": "double/head_left",
        "improvement": "double/warforged",
        "config": {
          "attributes": {
            "parent": "bettercombat:pickaxe"
          }
        }
      },
      "double/claw_left": {
        "config": {
          "attributes": {
            "parent": "bettercombat:scythe"
          }
        }
      },
      "double/adze_left": {
        "type": "improvement",
        "key": "double/head_left",
        "improvement": "double/warforged",
        "config": {
          "attributes": {
            "parent": "bettercombat:pickaxe"
          }
        }
      },
      "double/sickle_left": {
        "type": "improvement",
        "key": "double/head_left",
        "improvement": "double/warforged",
        "config": {
          "attributes": {
            "parent": "bettercombat:sickle"
          }
        }
      }
    },
    "single/head": {
      "single/trident": {
          "config": {
            "attributes": {
              "parent": "bettercombat:trident"
            }
          }
        },
      "single/spearhead": {
          "conditions": [
            {
              "type": "module",
              "key": "single/handle",
              "value": "single/light_handle",
              "config": {
                "scaleY": 1.75,
                "scaleZ": 1.5,
                "attributes": {
                  "parent": "bettercombat:trident"
                }
              }
            },
            {
              "type": "module",
              "key": "single/handle",
              "value": "single/long_handle",
              "config": {
                "scaleY": 2.0,
                "scaleZ": 1.5,
                "attributes": {
                  "parent": "bettercombat:spear"
                }
              }
            }
          ],
          "config": {
            "attributes": {
              "parent": "bettercombat:sword"
            }
          }
        },
      "single/basic_shovel": {
          "config": {
            "attributes": {
              "parent": "bettercombat:staff"
            }
          }
        }
    },
    "sword/blade": {
      "sword/basic_blade": {
          "config": {
            "attributes": {
              "parent": "bettercombat:sword"
            }
          }
        },
      "sword/heavy_blade": {
          "config": {
            "attributes": {
              "parent": "bettercombat:claymore"
            }
          }
        },
      "sword/machete": {
          "config": {
            "attributes": {
              "parent": "bettercombat:cutlass"
            }
          }
        },
      "sword/throwing_knife": {
        "config": {
          "attributes": {
            "parent": "bettercombat:dagger"
          }
        }
      },
      "sword/short_blade": {
        "config": {
          "attributes": {
            "parent": "bettercombat:dagger"
          }
        }
      }
    }
  }
}