{
    "type": "irons_spellbooks:append_loot",
    "conditions": [
      {
        "condition": "minecraft:any_of",
        "terms": [
          {
            "condition": "forge:loot_table_id",
            "loot_table_id": "betterdeserttemples:chests/pharaoh_hidden"
          },
          {
            "condition": "forge:loot_table_id",
            "loot_table_id": "betterfortresses:chests/worship"
          },
          {
            "condition": "forge:loot_table_id",
            "loot_table_id": "iceandfire:chest/fire_dragon_female_cave"
          },
          {
            "condition": "forge:loot_table_id",
            "loot_table_id": "iceandfire:chest/fire_dragon_male_cave"
          },
          {
            "condition": "forge:loot_table_id",
            "loot_table_id": "iceandfire:chest/ice_dragon_female_cave"
          },
          {
            "condition": "forge:loot_table_id",
            "loot_table_id": "iceandfire:chest/ice_dragon_male_cave"
          },
          {
            "condition": "forge:loot_table_id",
            "loot_table_id": "iceandfire:chest/lightning_dragon_female_cave"
          },
          {
            "condition": "forge:loot_table_id",
            "loot_table_id": "iceandfire:chest/lightning_dragon_male_cave"
          }
        ]
      }
    ],
    "key": "irons_spellbooks:chests/additional_treasure_loot"
  }