{
    "type": "irons_spellbooks:append_loot",
    "conditions": [
      {
        "condition": "minecraft:any_of",
        "terms": [
          {
            "condition": "forge:loot_table_id",
            "loot_table_id": "betterdeserttemples:chests/tomb"
          },
          {
            "condition": "forge:loot_table_id",
            "loot_table_id": "betterdeserttemples:chests/storage"
          },
          {
            "condition": "forge:loot_table_id",
            "loot_table_id": "betterdeserttemples:chests/library"
          },
          {
            "condition": "forge:loot_table_id",
            "loot_table_id": "betterdungeons:zombie_dungeon/chests/tombstone"
          },
          {
            "condition": "forge:loot_table_id",
            "loot_table_id": "betterwitchhuts:chests/hut_0"
          },
          {
            "condition": "forge:loot_table_id",
            "loot_table_id": "structory:library/high"
          },
          {
            "condition": "forge:loot_table_id",
            "loot_table_id": "structory:library/low"
          },
          {
            "condition": "forge:loot_table_id",
            "loot_table_id": "structory:ruin/taiga/illager_treasure"
          },
          {
            "condition": "forge:loot_table_id",
            "loot_table_id": "idas:chests/wizardtower/wizardtower_top"
          },
          {
            "condition": "forge:loot_table_id",
            "loot_table_id": "idas:chests/tinkers_workshop/tinkers_workshop_vault"
          },
          {
            "condition": "forge:loot_table_id",
            "loot_table_id": "iceandfire:chest/fire_dragon_roost"
          },
          {
            "condition": "forge:loot_table_id",
            "loot_table_id": "iceandfire:chest/ice_dragon_roost"
          },
          {
            "condition": "forge:loot_table_id",
            "loot_table_id": "iceandfire:chest/lightning_dragon_roost"
          }
        ]
      }
    ],
    "key": "irons_spellbooks:chests/additional_good_loot"
  }