{
    "key": "monster_skin",
    "category": "skin",
    "primary": 7.5,
    "secondary": 7,
    "tertiary": 6,
    "durability": 650,
    "integrityCost": 1,
    "integrityGain": 6,
    "magicCapacity": 45,
    "toolLevel": 0,
    "toolEfficiency": 0,
    "tints": {
        "glyph": "605d78",
        "texture": "605d78"
    },
    "textures": [
        "crude",
        "default"
    ],
    "material": {
        "items": [ "born_in_chaos_v1:monster_skin" ]
    },
    "requiredTools": {
        "cut": 4
    }
}
