{
    "worldedit.expand.expanded": "Рэгіён пашыраны на {0} блокаў",
    "worldedit.biomeinfo.lineofsight": "Біёмы ў зоне бачнасці: {0}",
    "worldedit.brush.apply.radius": "Памер пэндзля",
    "worldedit.brush.apply.shape": "Форма рэгіёна",
    "worldedit.brush.apply.type": "Тып пэндзля для выкарыстання",
    "worldedit.brush.apply.item.warning": "Гэтая пэндзаль імітуе выкарыстанне прадметаў. Яна можа працаваць не на ўсіх платформах. Не заўсёды можна адмяніць. Дрэнна ўзаемадзейнічае з іншымі плагінамі/модамі. Выкарыстоўвайце на свой страх і рызык.",
    "worldedit.brush.paint.size": "Памер пэндзля",
    "worldedit.brush.paint.shape": "Форма рэгіёна",
    "worldedit.brush.paint.density": "Шчыльнасць пэндзля",
    "worldedit.brush.paint.type": "Тып пэндзля для выкарыстання",
    "worldedit.brush.paint.item.warning": "Гэтая пэндзаль імітуе выкарыстанне прадметаў. Яна можа працаваць не на ўсіх платформах. Не заўсёды можна адмяніць. Дрэнна ўзаемадзейнічае з іншымі плагінамі/модамі. Выкарыстоўвайце на свой страх і рызык.",
    "worldedit.drawsel.disabled": "Сервер CUI адключаны.",
    "worldedit.drawsel.disabled.already": "CUI сервера ўжо адключаны.",
    "worldedit.drawsel.enabled.already": "CUI сервера ўжо ўключаны.",
    "worldedit.timeout.return-to-default": " (Выкарыстайце // timeout, каб вярнуць значэнне па змаўчанні.)",
    "worldedit.fast.disabled": "Хуткі рэжым адключаны.",
    "worldedit.gmask.disabled": "Глабальная маска адключаная.",
    "worldedit.gmask.set": "Глабальная маска ўсталяваная.",
    "worldedit.searchitem.searching": "(Пачакайце... шукаем прадметы.)",
    "worldedit.undo.none": "Няма чаго адмяніць.",
    "worldedit.redo.none": "Ничога не засталося для выпраўлення.",
    "worldedit.clearhistory.cleared": "Гісторыя выдалена.",
    "worldedit.restore.not-available": "Гэты снапшот не існуе альбо не даступны.",
    "worldedit.restore.none-for-world": "Снапшоты не былі знойдзеныя для гэтага света.",
    "worldedit.restore.none-found": "Снапшоты не знойдзены.",
    "worldedit.schematic.delete.deleted": "{0} быў выдалены.",
    "worldedit.pos.already-set": "Пазіцыя ўжо вызначана.",
    "worldedit.hpos.already-set": "Пазіцыя ўжо вызначана.",
    "worldedit.wand.selwand.info": "ЛКМ: вызначыць пазіцыю #1; ПКМ: вызначыць пазіцыю #2",
    "worldedit.shift.shifted": "Вылучаная вобласць ссунута.",
    "worldedit.outset.outset": "Вылучаная вобласць пашырана.",
    "worldedit.select.cleared": "Выдзяленне вычышчана.",
    "worldedit.select.extend.description": "Рэжым хуткага выбару кубойда",
    "worldedit.move.moved": "{0} блок(аў) перамешчана.",
    "worldedit.version.version": "WorldEdit версія {0}",
    "worldedit.operation.affected.biome": "{0} біём(аў) закранута",
    "worldedit.operation.affected.block": "{0} блок(аў) закранута",
    "worldedit.selection.convex.info.triangles": "Трыкутнікі: {0}",
    "worldedit.cli.stopping": "Спыненне!",
    "worldedit.cli.unknown-command": "Невядомы загад!"
}
