{
    "type": "origins:active_self",
    "entity_action": {
        "type": "origins:and",
        "actions": [
            {
                "type": "origins:change_resource",
                "resource": "acesorigins:ultima/beast_within/bw_resource",
                "change": 26
            },
            {
                "type": "origins:execute_command",
                "command": "playsound minecraft:entity.wolf.howl ambient @a ~ ~ ~ 0.8",
                "permission_level": 4
            }
        ]
    },
    "cooldown": 2400,
    "hud_render": {
        "should_render": true,
        "sprite_location": "acesorigins:textures/gui/acesorigins/aces_resource_bar_01.png",
        "bar_index": 1
    },
    "key": {
        "key": "key.origins.secondary_active",
        "continuous": false
    },
    "name": "THE BEAST WITHIN",
    "description": "Unleash the beast within yourself for a short amount of time, changing your form and enhancing your strength."
}