{
  "biomes": [
    [
      {
        "type": "BIOME_TAG",
        "negate": false,
        "value": "minecraft:is_overworld"
      },
      {
        "type": "BIOME_TAG",
        "negate": false,
        "value": "forge:is_rare"
      },
      {
        "type": "BIOME_TAG",
        "negate": false,
        "value": "forge:is_magical"
      }
    ],
    [
      {
        "type": "BIOME_TAG",
        "negate": false,
        "value": "minecraft:is_overworld"
      },
      {
        "type": "BIOME_TAG",
        "negate": false,
        "value": "forge:is_dense"
      },
      {
        "type": "BIOME_TAG",
        "negate": false,
        "value": "minecraft:is_forest"
      },
      {
        "type": "BIOME_TAG",
        "negate": true,
        "value": "forge:is_mountain"
      },
      {
        "type": "BIOME_TAG",
        "negate": true,
        "value": "minecraft:is_hill"
      },
      {
        "type": "BIOME_TAG",
        "negate": true,
        "value": "forge:is_wet"
      },
      {
        "type": "BIOME_TAG",
        "negate": true,
        "value": "forge:is_hot"
      },
      {
        "type": "BIOME_TAG",
        "negate": true,
        "value": "forge:is_cold"
      },
      {
        "type": "BIOME_TAG",
        "negate": true,
        "value": "forge:is_dry"
      },
      {
        "type": "BIOME_TAG",
        "negate": true,
        "value": "minecraft:is_taiga"
      }
    ],
    [
      {
        "type": "REGISTRY_NAME",
        "negate": false,
        "value": "terralith:siberian_taiga"
      }
    ],
    [
      {
        "type": "REGISTRY_NAME",
        "negate": false,
        "value": "terralith:skylands"
      }
    ],
    [
      {
        "type": "REGISTRY_NAME",
        "negate": false,
        "value": "terralith:mirage_isles"
      }
    ],
    [
      {
        "type": "REGISTRY_NAME",
        "negate": false,
        "value": "byg:amaranth_fields"
      }
    ],
    [
      {
        "type": "REGISTRY_NAME",
        "negate": false,
        "value": "byg:skyris_vale"
      }
    ],
    [
      {
        "type": "REGISTRY_NAME",
        "negate": false,
        "value": "byg:rainbow_beach"
      }
    ]
  ]
}