{
    "worldedit.brush.apply.radius": "Eskuilaren tamainua",
    "worldedit.brush.apply.shape": "Regioiaren forma",
    "worldedit.brush.paint.size": "Eskuilaren tamainua",
    "worldedit.brush.paint.shape": "Regioiaren forma",
    "worldedit.brush.paint.density": "Eskuilaren dentsitatea",
    "worldedit.brush.operation.equip": "Eskuila {0} esarrita.",
    "worldedit.drawsel.disabled": "Zerbitzariko CUI desgaituta.",
    "worldedit.fast.disabled": "Askar modua desgaituta.",
    "worldedit.gmask.disabled": "Maskara globala desgaituta.",
    "worldedit.gmask.set": "Maskara globala esarrita.",
    "worldedit.searchitem.searching": "(Itxaron mezedez... objetuak bilatzen)",
    "worldedit.undo.none": "Ezer ez desegiteko.",
    "worldedit.redo.none": "Ezer ez berregiteko.",
    "worldedit.clearhistory.cleared": "Legenda garbituta.",
    "worldedit.restore.none-for-specific-world": "Ez dira aurkitu snapshots-rik munduan: '{0}'.",
    "worldedit.restore.none-for-world": "Ez dira aurkitu snapshots-rik munduan honetan.",
    "worldedit.restore.none-found": "Ez dira snapshots-rik aurkitu.",
    "worldedit.restore.none-found-console": "Ez dira aurkitu snapshots-rik. Begiratu konsola xehetasunetarako.",
    "worldedit.restore.block-place-error": "Pasaden errorea: {0}",
    "worldedit.schematic.unknown-format": "Ezezagun schematic formatua: {0}.",
    "worldedit.schematic.load.does-not-exist": "{0} Schematic-a ez da existitzen!",
    "worldedit.schematic.load.loading": "(Itxaron mezedez... schematic kargatzen)",
    "worldedit.schematic.load.still-loading": "(Itxaron mezedez... Schematic oraindik kargatzen ari dago)",
    "worldedit.schematic.save.failed-directory": "Ezin izan da schematic-eko karpeta sortu!",
    "worldedit.schematic.save.saving": "(Itxaron mezedez... Schematic gordetzen)",
    "worldedit.schematic.save.still-saving": "(Itxaron mezedez... Schematic oraindik gordetzen ari dago)",
    "worldedit.schematic.delete.does-not-exist": "{0} Schematic-a ez da existitzen!",
    "worldedit.schematic.delete.failed": "{0} ezabapena huts egin du! Irakurri-bakarrik dago?",
    "worldedit.schematic.delete.deleted": "{0} ezabatu da.",
    "worldedit.wand.invalid": "Makila objetua ez dago konfiguratua edo desgaituta dago.",
    "worldedit.size.type": "Mota: {0}",
    "worldedit.size.size": "Tamaina: {0}",
    "worldedit.count.counted": "Kontua: {0}",
    "worldedit.distr.no-blocks": "Ez dira blokerik zenbatu.",
    "worldedit.distr.total": "Bloke guztiren kontua: {0}",
    "worldedit.select.ellipsoid.description": "Aukeratu elipsoide bat",
    "worldedit.select.sphere.description": "Aukeratu esfera bat",
    "worldedit.select.cyl.description": "Aukeratu zilindro bat",
    "worldedit.chunkinfo.chunk": "Chunk: {0}, {1}",
    "worldedit.chunkinfo.old-filename": "Formatu zaharra: {0}",
    "worldedit.listchunks.listfor": "Zerrendatzen chunks: {0}",
    "worldedit.fill.created": "{0} bloke bete dira.",
    "worldedit.fillr.created": "{0} bloke bete dira.",
    "worldedit.fixlava.fixed": "{0} bloke kompondu dira.",
    "worldedit.fixwater.fixed": "{0} bloke kompondu dira.",
    "worldedit.removeabove.removed": "{0} bloke ezabatu dira.",
    "worldedit.removebelow.removed": "{0} bloke ezabatu dira.",
    "worldedit.removenear.removed": "{0} bloke ezabatu dira.",
    "worldedit.replacenear.replaced": "{0} bloke ordezkatu dira.",
    "worldedit.set.done": "Operazioa osatuta.",
    "worldedit.set.done.verbose": "Operazioa osatuta ({0}).",
    "worldedit.line.changed": "{0} bloke aldatu dira.",
    "worldedit.curve.changed": "{0} bloke aldatu dira.",
    "worldedit.replace.replaced": "{0} bloke ordezkatu dira.",
    "worldedit.regen.regenerated": "Regioia birsortuta.",
    "worldedit.walls.changed": "{0} bloke aldatu dira.",
    "worldedit.faces.changed": "{0} bloke aldatu dira.",
    "worldedit.move.moved": "{0} bloke mugitu dira.",
    "worldedit.deform.deformed": "{0} bloke deformatu egin dira.",
    "worldedit.hollow.changed": "{0} bloke aldatu dira.",
    "worldedit.forest.created": "{0} zuhaitz sortuta.",
    "worldedit.flora.created": "{0} flora sortuta.",
    "worldedit.unstuck.moved": "Emen daukazu!",
    "worldedit.ceil.moved": "Woosh!",
    "worldedit.thru.moved": "Woosh!",
    "worldedit.jumpto.moved": "Puf!",
    "worldedit.up.moved": "Woosh!",
    "worldedit.cyl.created": "{0} bloke sortu dira.",
    "worldedit.sphere.created": "{0} bloke sortu dira.",
    "worldedit.forestgen.created": "{0} zuhaitz sortuta.",
    "worldedit.pyramid.created": "{0} bloke sortu dira.",
    "worldedit.generate.created": "{0} bloke sortu dira.",
    "worldedit.reload.config": "Ezarpena berriro kargatuta!",
    "worldedit.report.error": "Huts egin txostena idazten: {0}",
    "worldedit.timezone.invalid": "Ordu-eremu baliogabea",
    "worldedit.timezone.current": "Aurtengo ordu eremuko ordua: {0} da",
    "worldedit.version.version": "WorldEdit bertsioa: {0}",
    "worldedit.version.bukkit.unsupported-adapter": "WorldEdit-eko bertsio hau ez du onartzen Bukkit-eko bertsio honetan. Bloke entitateak (ad. Bularrak) egongo dira hutsik, blokeen propietateak (ad. biraketa) galduko dira eta beste gauzak ez dira ibiliko. Eguneratu WorldEdit funtzionaltasun horiek konpontzeko: {0}",
    "worldedit.command.player-only": "Komando hau bakarrik jokalari bat erabili ahal du.",
    "worldedit.pastebin.uploading": "(Mesedez itxaron... bidaltzen irteera pastebin-era)",
    "worldedit.tool.no-block": "Ez dago blokerik ikus kampoan!",
    "worldedit.tool.data-cycler.new-value": "{0} balioa orain {1} da.",
    "worldedit.tool.deltree.not-tree": "Hori ez da zuhaitz bat.",
    "worldedit.tool.tree.obstructed": "Zuhaitz bat ezin da hara joan.",
    "worldedit.tool.info.blockstate.hover": "Blokearen estatua",
    "worldedit.tool.info.internalid.hover": "Barneko ID",
    "worldedit.tool.info.legacy.hover": "Legacy id:data",
    "worldedit.tool.navwand.equip": "Nabigazioa makila {0}-ra lotuta.",
    "worldedit.tool.superpickaxe.max-range": "Gehieneko tartea {0} da.",
    "worldedit.execute.script-permissions": "Ez duzu baimena script hori exekutatzeko.",
    "worldedit.executelast.no-script": "Erabili /cs script-arekin izena lehenengo.",
    "worldedit.script.read-error": "Errorea Script-a irakurtzen: {0}",
    "worldedit.script.unsupported": "Bakarrik .js scriptak onartzen dira",
    "worldedit.script.file-not-found": "Script-a ez da existitzen: {0}",
    "worldedit.script.failed": "Huts egin exekutatzen: {0}",
    "worldedit.operation.affected.biome": "{0} bioma kaltetuta",
    "worldedit.operation.affected.block": "{0} bloke kaltetuta",
    "worldedit.operation.affected.column": "{0} zutabea kaltetuta",
    "worldedit.operation.affected.entity": "{0} entitate kaltetuta",
    "worldedit.operation.deform.expression": "deformatuta {0} erabiltzen",
    "worldedit.error.unknown-direction": "Ezezagun norabidea: {0}",
    "worldedit.error.no-file-selected": "Ez da fitxategirik hautatu.",
    "worldedit.error.not-a-block": "Objetu hori ez da bloke bat.",
    "worldedit.error.incorrect-usage": "Erabilera: {0}",
    "worldedit.error.invalid-page": "Orrialde zenbakia baliogabea",
    "worldedit.error.unknown": "Errore ezezagun jazo da: {0}",
    "worldedit.selection.ellipsoid.info.center": "Zentroa: {0}",
    "worldedit.selection.ellipsoid.explain.primary": "Zentro posizioa {0} ezarrita.",
    "worldedit.selection.ellipsoid.explain.primary-area": "Zentro posizioa {0} ({1}) ezarrita.",
    "worldedit.selection.ellipsoid.explain.secondary": "Erradio {0} ezarrita.",
    "worldedit.selection.ellipsoid.explain.secondary-area": "Erradio {0} ({1}) ezarrita.",
    "worldedit.selection.cylinder.info.center": "Zentroa: {0}",
    "worldedit.selection.cylinder.info.radius": "Erradioa: {0}",
    "worldedit.selection.polygon2d.info": "# puntuak: {0}",
    "worldedit.selection.sphere.explain.secondary": "Erradio {0} ezarrita.",
    "worldedit.selection.sphere.explain.secondary-defined": "Erradio {0} ({1}) ezarrita.",
    "worldedit.sideeffect.lighting": "Argiztapena",
    "worldedit.sideeffect.neighbors": "Bizilagunak",
    "worldedit.sideeffect.update": "Eguneratu",
    "worldedit.sideeffect.entity_ai": "Entitatearen IA",
    "worldedit.sideeffect.state.on": "Piztuta",
    "worldedit.sideeffect.state.off": "Amatatuta",
    "worldedit.sideeffect.box.current": "Oraingo",
    "worldedit.sideeffect.box.change-to": "Klik {0} ezartzeko",
    "worldedit.help.command-not-found": "'{0}' Komandoa ez da aurkitu.",
    "worldedit.cli.stopping": "Gelditzen!",
    "worldedit.cli.unknown-command": "Komando ezezaguna!"
}
