{
	"replace": false,
	"slots": [ "single/binding" ],
	"materialSlotCount": 1,
	"displayType": "minor",
	"glyph": {
		"textureX": 80,
		"textureY": 16
	},
	"outcomes": [
		{
			"material": {
				"items": [ "undead_unleashed:soul_remnants" ]
			},
			"experienceCost": 3,
			"moduleKey": "single/socket",
			"moduleVariant": "single_socket/ectoplasm"
		},
		{
			"material": {
				"items": [ "born_in_chaos_v1:seedof_chaos" ]
			},
			"experienceCost": 5,
			"moduleKey": "single/socket",
			"moduleVariant": "single_socket/seed_of_chaos"
		},
		{
			"material": {
				"items": [ "born_in_chaos_v1:ethereal_spirit" ]
			},
			"experienceCost": 10,
			"moduleKey": "single/socket",
			"moduleVariant": "single_socket/ethereal_spirit"
		}
	]
}