{
	"type": "minecraft:crafting_shaped",
	"pattern": [
		" d ",
        " a ",
        "cbc"
	],
	"key": {
		"a": {
			"item": "minecraft:beacon"
		},
		"b": {
			"item": "minecraft:book"
		},
		"c": {
			"item": "minecraft:netherite_ingot"
		},
		"d": {
			"item": "minecraft:dragon_egg"
		}
	},
	"result": {
		"item": "tetra:scroll_rolled",
		"count": 1,
		"nbt": {
			"BlockEntityTag": {
				"data": [{
					"key": "tetra/crucible_blade",
					"schematics": ["tetra:sword/crucible_blade"],
					"intricate": false,
					"details": "art_of_forging",
					"material": 2,
					"ribbon": "ff1e00",
					"glyphs": [8, 7, 9, 2]
				}]
			}
		}
	}
}