{
    "type": "minecraft:crafting_shaped",
    "pattern": [
        " # ",
        "iwi",
        " c "
    ],
    "key": {
        "#": {
            "tag": "tetra:swords"
        },
        "i": {
            "item": "minecraft:iron_ingot"
        },
        "w": {
            "item": "minecraft:writable_book"
        },
        "c": {
            "item": "minecraft:coal_block"
        }
    },
    "result": {
        "item": "tetra:scroll_rolled",
        "count": 1,
        "nbt": {
            "BlockEntityTag": {
                "data": [{
                    "key": "sword/katana/katana_blade",
                    "schematics": [ "tetra:sword/katana/katana_blade" ],
                    "intricate": false,
                    "details": "art_of_forging",
                    "material": 2,
                    "ribbon": "dbff10",
                    "glyphs": [ 5, 10, 13, 2 ]
                }]
            }
        }
    }
}