{
    "type": "minecraft:crafting_shaped",
    "pattern": [
        " c ",
        " b ",
        " s "
    ],
    "key": {
        "b": {
            "item": "minecraft:book"
        },
        "c": {
            "item": "tetra:chthonic_extractor"
        },
        "s": {
            "item": "minecraft:netherite_scrap"
        }
    },
    "result": {
        "item": "tetra:scroll_rolled",
        "count": 1,
        "nbt": {
            "BlockEntityTag": {
                "data": [{
                    "key": "utilize/hammer",
                    "schematics": [ "tetra:utilize/hammer" ],
                    "intricate": false,
                    "details": "art_of_forging",
                    "material": 2,
                    "ribbon": "fa97e9",
                    "glyphs": [ 1, 15, 12, 8 ]
                }]
            }
        }
    }
}