{
    "type": "minecraft:crafting_shaped",
    "pattern": [
        "bab",
        "aca",
        "bab"
    ],
    "key": {
        "a": {
            "item": "tetra:dragon_sinew"
        },
        "b": {
            "item": "minecraft:netherite_ingot"
        },
        "c": {
            "tag": "minecraft:wool"
        }
    },
    "result": {
        "item": "tetra:scroll_rolled",
        "count": 1,
        "nbt": {
            "BlockEntityTag": {
                "data": [{
                    "key": "tetra/rending_scissor_purple",
                    "schematics": [ "tetra:sword/rending_scissor_red", "tetra:sword/rending_scissor_purple" ],
                    "intricate": false,
                    "details": "otherworldly",
                    "material": 2,
                    "ribbon": "e32182",
                    "glyphs": [ 1, 15, 2, 13 ]
                }]
            }
        }
    }
}