{
    "replace": true,
    "type": "tetra:multi_major_module",
    "slots": [
        "double/head_left",
        "double/head_right"
    ],
    "slotSuffixes": [
        "_left",
        "_right"
    ],
    "improvements": [
        "tetra:double/claw/",
        "tetra:double/shared_head/",
        "tetra:double/shared/",
        "tetra:shared/"
    ],
    "variants": [
        {
            "materials": [ "tetra:metal/", "tetra:stone/", "tetra:wood/", "tetra:gem/" ],
            "key": "claw/",
            "attributes": {
                "generic.attack_damage": -3,
                "generic.attack_speed": -1
            },
            "aspects": {
                "blockBreaker": 1,
                "breakable": 2
            },
            "effects": {
                "denailing": 1
            },
            "durability": -10,
            "extract": {
                "primaryAttributes": {
                    "generic.attack_damage": 1
                },
                "tools": {
                    "pry": [ 1, 0.8333 ]
                },
                "durability": 0.5,
                "integrity": -1,
                "magicCapacity": 1,
                "glyph": {
                    "textureX": 64,
                    "textureY": 32
                },
                "availableTextures": [ "crude", "metal", "shiny" ],
                "models": [ { "location": "tetra:items/module/double/head/claw/" } ]
            }
        },
        {
            "materials": [ "tetra:misc/nightmare_claw" ],
            "key": "claw/nightmare",
            "attributes": {
                "generic.attack_damage": 3,
                "generic.attack_speed": -1.2
            },
            "aspects": {
                "blockBreaker": 1,
                "edgedWeapon": 1,
                "breakable": 2
            },
            "effects": {
                "earthbind": 3
            },
            "durability": 50,
            "extract": {
                "primaryAttributes": {
                    "generic.attack_damage": 1.1
                },
                "tools": {
                    "pry": [ 1, 0.8333 ]
                },
                "durability": 1.0,
                "integrity": -1,
                "magicCapacity": 1,
                "glyph": {
                    "textureX": 64,
                    "textureY": 32
                },
                "availableTextures": [ "nightmare" ],
                "models": [ { "location": "tetra:items/module/double/head/claw/" } ]
            }
        }
    ]
}
