{
    "key": "cursed_cloth",
    "category": "fabric",
    "primary": 1,
    "secondary": 1,
    "tertiary": 5.5,
    "durability": 90,
    "integrityCost": 1,
    "integrityGain": 4,
    "magicCapacity": 150,
    "toolLevel": 0,
    "toolEfficiency": 0,
    "tints": {
        "glyph": "474bc8",
        "texture": "474bc8"
    },
    "textures": [
        "crude",
        "default"
    ],
    "material": {
        "items": [ "undead_unleashed:cursed_cloth" ]
    },
    "requiredTools": {
        "cut": "minecraft:stone"
    }
}
