{
  "biomes": [
    [
      {
        "type": "BIOME_TAG",
        "negate": false,
        "value": "minecraft:is_overworld"
      },
      {
        "type": "BIOME_TAG",
        "negate": false,
        "value": "minecraft:is_jungle"
      }
    ],
    [
      {
        "type": "REGISTRY_NAME",
        "negate": false,
        "value": "terralith:rocky_jungle"
      }
    ],
    [
      {
        "type": "REGISTRY_NAME",
        "negate": false,
        "value": "terralith:jungle_mountains"
      }
    ],
    [
      {
        "type": "REGISTRY_NAME",
        "negate": false,
        "value": "terralith:tropical_jungle"
      }
    ],
    [
      {
        "type": "REGISTRY_NAME",
        "negate": false,
        "value": "byg:guiana_shield"
      }
    ],
    [
      {
        "type": "REGISTRY_NAME",
        "negate": false,
        "value": "byg:temperate_rainforest"
      }
    ],
    [
      {
        "type": "REGISTRY_NAME",
        "negate": false,
        "value": "byg:tropical_rainforest"
      }
    ],
    [
      {
        "type": "REGISTRY_NAME",
        "negate": false,
        "value": "byg:jacaranda_forest"
      }
    ]
  ]
}