{
    "type": "origins:conditioned_attribute",
    "modifier": {
        "attribute": "minecraft:generic.attack_damage",
        "operation": "addition",
        "value": 2
    },
    "condition": {
        "type": "origins:equipped_item",
        "equipment_slot": "mainhand",
        "item_condition": {
            "type": "origins:ingredient",
            "ingredient": {
                "tag": "acesorigins:blunt"
            }
        }
    },
    "tick_rate": 20,
    "name": "Blunt Proficiency",
    "description": "Blunt weapons are your weapon of choice, thus you deal more damage using them."
}