{
    "type": "origins:fire_projectile",
    "entity_type": "minecraft:fireball",
    "cooldown": 100,
    "count": 1,
    "speed": 2,
    "divergence": 1,
    "key": {
        "key": "key.origins.secondary_active",
        "continuous": false
    },
    "sound": "minecraft:entity.blaze.shoot",
    "hud_render": {
        "should_render": true,
        "sprite_location": "acesorigins:textures/gui/acesorigins/aces_resource_bar_01.png",
        "bar_index": 3
    },
    "name": "Fireball",
    "description": "Use your magic to summon a destructive fireball at your opponents."
}