{
    "worldedit.expand.description.vert": "Expanda verticalmente la selección hasta los límites del mundo.",
    "worldedit.expand.expanded": "Region expandida {0} bloque(s)",
    "worldedit.expand.expanded.vert": "Region expandida {0} bloque(s) (de arriba a abajo).",
    "worldedit.biomeinfo.lineofsight": "Biomas en el punto de línea de visión: {0}",
    "worldedit.biomeinfo.position": "Biomas en tu posición: {0}",
    "worldedit.biomeinfo.selection": "Biomas en tu selección: {0}",
    "worldedit.brush.radius-too-large": "Radio máximo permitido a la brocha: {0}",
    "worldedit.brush.apply.description": "Aplicar a brocha, aplica una función a cada bloque",
    "worldedit.brush.apply.radius": "El tamaño de la brocha",
    "worldedit.brush.apply.shape": "La forma de la región",
    "worldedit.brush.apply.type": "Tipo de brocha a usar",
    "worldedit.brush.apply.item.warning": "Este pincel simula usos de objetos. Es posible que sus efectos no funcionen en todas las plataformas, que no se puedan deshacer y que provoquen interacciones extrañas con otros mods/complementos. Úselo bajo su propio riesgo.",
    "worldedit.brush.paint.description": "Brocha, aplicar una función a una superficie",
    "worldedit.brush.paint.size": "El tamaño de la brocha",
    "worldedit.brush.paint.shape": "La forma de la región",
    "worldedit.brush.paint.density": "La densidad de la brocha",
    "worldedit.brush.paint.type": "Tipo de brocha a usar",
    "worldedit.brush.paint.item.warning": "Este pincel simula usos de objetos. Es posible que sus efectos no funcionen en todas las plataformas, que no se puedan deshacer y que provoquen interacciones extrañas con otros mods/complementos. Úselo bajo su propio riesgo.",
    "worldedit.brush.sphere.equip": "Equipada brocha de perfil Esférica ({0}).",
    "worldedit.brush.cylinder.equip": "Equipado brocha de perfil Cilíndrica ({0} por {1}).",
    "worldedit.brush.clipboard.equip": "Equipada perfil de brocha de Portapapeles.",
    "worldedit.brush.smooth.equip": "Brocha suave equipada ({0} x {1}x usado {2}).",
    "worldedit.brush.extinguish.equip": "Extintor Equipado ({0}).",
    "worldedit.brush.gravity.equip": "Brocha de Gravedad Equipada ({0}).",
    "worldedit.brush.butcher.equip": "Brocha de carnicero Equipado ({0}).",
    "worldedit.brush.operation.equip": "Establecida brocha a {0}.",
    "worldedit.brush.heightmap.equip": "Brocha de Mapa de alturas Equipada ({0}).",
    "worldedit.brush.heightmap.unknown": "Brocha de Mapa de altura desconocido: {0}.",
    "worldedit.brush.none.equip": "Brocha desenlazada de su objeto actual.",
    "worldedit.setbiome.changed": "Los biomas fueron cambiados en aproximadamente {0} bloque(s).",
    "worldedit.setbiome.warning": "Puede que tengas que reabrir el juego (o cerrar y volver a abrir tu mundo) para ver los cambios.",
    "worldedit.drawsel.disabled": "Deshabilitado CUI del servidor.",
    "worldedit.drawsel.disabled.already": "Ya esta deshabilitado el CUI del servidor.",
    "worldedit.drawsel.enabled.already": "Ya esta habilitado el CUI del servidor.",
    "worldedit.limit.too-high": "Su límite máximo permitido es {0}.",
    "worldedit.limit.set": "Límite de cambio de bloque establecido en {0}.",
    "worldedit.limit.return-to-default": "(Utilice \"//limit\" para volver al valor predeterminado).",
    "worldedit.timeout.too-high": "Su tiempo de espera máximo permitido es {0} ms.",
    "worldedit.timeout.set": "Tiempo de espera establecido en {0}ms.",
    "worldedit.timeout.return-to-default": " (Utilice \"//timeout\" para volver al valor predeterminado).",
    "worldedit.fast.disabled": "Modo rápido desactivado.",
    "worldedit.fast.enabled": "Modo rápido habilitado. La iluminación en los chunks afectados puede ser incorrecta y/o es posible que deba volver a unirse para ver los cambios.",
    "worldedit.fast.disabled.already": "Ya esta desactivado el modo rápido.",
    "worldedit.fast.enabled.already": "Ya esta activado el modo rápido.",
    "worldedit.perf.sideeffect.set": "Efecto secundario \"{0}\" establecido en {1}",
    "worldedit.perf.sideeffect.get": "El efecto secundario \"{0}\" se establece en {1}",
    "worldedit.perf.sideeffect.already-set": "El efecto secundario \"{0}\" ya es {1}",
    "worldedit.perf.sideeffect.set-all": "Todos los efectos secundarios configurados en {0}",
    "worldedit.reorder.current": "El modo reordenar es {0}",
    "worldedit.reorder.set": "El modo reordenar ahora es {0}",
    "worldedit.gmask.disabled": "Máscara global desactivada.",
    "worldedit.gmask.set": "Máscara global establecida.",
    "worldedit.toggleplace.pos1": "Colocado ahora en la posición #1.",
    "worldedit.toggleplace.player": "Ahora colóquese en el bloque en el que estás.",
    "worldedit.toggleplace.not-locatable": "No se puede alternar la colocación en este contexto.",
    "worldedit.searchitem.too-short": "Ingrese una cadena de búsqueda más larga (longitud > 2).",
    "worldedit.searchitem.either-b-or-i": "No puede usar los indicadores 'b' e 'i' simultáneamente.",
    "worldedit.searchitem.searching": "(Espere... buscando objeto(s).)",
    "worldedit.watchdog.no-hook": "Esta plataforma no tiene ningún gancho guardian.",
    "worldedit.watchdog.active.already": "El gancho guardian ya está activo.",
    "worldedit.watchdog.inactive.already": "El gancho guardián ya esta inactivo.",
    "worldedit.watchdog.active": "El gancho guardián ahora está activo.",
    "worldedit.watchdog.inactive": "El gancho guardian ahora esta inactivo.",
    "worldedit.world.remove": "Se elimino la invalidación del mundo.",
    "worldedit.world.set": "Establezca la invalidación del mundo en {0}. (Use '//world' para volver a los valores por defecto)",
    "worldedit.undo.undone": "Se deshizo {0} edicion(es) disponible(s).",
    "worldedit.undo.none": "No queda nada para deshacer.",
    "worldedit.redo.redone": "Se rehizo {0} edicion(es) disponible(s).",
    "worldedit.redo.none": "No queda nada para rehacer.",
    "worldedit.clearhistory.cleared": "Historial borrado.",
    "worldedit.raytrace.noblock": "¡No hay bloque a la vista!",
    "worldedit.restore.not-configured": "Snapshot/copia(s) de seguridad no esta configurada.",
    "worldedit.restore.not-available": "Esa copia de seguridad no existe o no está disponible.",
    "worldedit.restore.failed": "Falló al cargar la copia de seguridad: {0}",
    "worldedit.restore.loaded": "Copia de seguridad '{0}' cargada; ahora restaurando...",
    "worldedit.restore.restored": "Restaurado; {0} chunks faltantes y otros {1} errores.",
    "worldedit.restore.none-for-specific-world": "No fueron encontradas copias de seguridad para el mundo '{0}'.",
    "worldedit.restore.none-for-world": "No fueron encontradas copias de seguridad para este mundo.",
    "worldedit.restore.none-found": "No se encontraron copias de seguridad.",
    "worldedit.restore.none-found-console": "No se encontraron copias de seguridad. Consulte la consola para más detalles.",
    "worldedit.restore.chunk-not-present": "Los chunks no estaban presentes en la copia de seguridad.",
    "worldedit.restore.chunk-load-failed": "No se pudieron cargar chunks. (¿Archivo corrupto?)",
    "worldedit.restore.block-place-failed": "Los errores impidieron restaurar los bloques.",
    "worldedit.restore.block-place-error": "Último error: {0}",
    "worldedit.snapshot.use.newest": "Ahora usando la copia de seguridad más reciente.",
    "worldedit.snapshot.use": "Copia de seguridad establecida en: {0}",
    "worldedit.snapshot.none-before": "No se pudo encontrar una copia de seguridad antes de {0}.",
    "worldedit.snapshot.none-after": "No se pudo encontrar una copia de seguridad después de {0}.",
    "worldedit.snapshot.index-above-0": "Índice invalido, debe ser mayor o igual a 1.",
    "worldedit.snapshot.index-oob": "Índice invalido, debe estar entre 1 y {0}.",
    "worldedit.schematic.unknown-format": "Formato de Esquema desconocido: {0}.",
    "worldedit.schematic.load.does-not-exist": "¡El esquema {0} no existe!",
    "worldedit.schematic.load.loading": "(Espere... cargando esquema.)",
    "worldedit.schematic.load.still-loading": "(Por favor espere... aun se está cargando el esquema.)",
    "worldedit.schematic.save.already-exists": "Ese esquema ya existe. Use el indicador -f para sobrescribirlo.",
    "worldedit.schematic.save.failed-directory": "¡No se pudo crear la carpeta para los esquemas!",
    "worldedit.schematic.save.saving": "(Espere... guardando el esquema.)",
    "worldedit.schematic.save.still-saving": "(Por favor... aun se esta guardando el esquema.)",
    "worldedit.schematic.delete.does-not-exist": "¡El esquema {0} no existe!",
    "worldedit.schematic.delete.failed": "¡Error al eliminar '{0}'!. ¿Es de solo lectura?.",
    "worldedit.schematic.delete.deleted": "{0} ha sido eliminado(a).",
    "worldedit.schematic.formats.title": "Formatos de portapapeles disponibles (Nombre: nombres de búsqueda)",
    "worldedit.schematic.unsupported-minecraft-version": "Esta versión de WorldEdit no es compatible con su versión de Minecraft. Los esquemas no funcionarán hasta que esto se resuelva.",
    "worldedit.pos.already-set": "Posición ya establecida.",
    "worldedit.pos.console-require-coords": "Debe proporcionar las coordenadas por la consola.",
    "worldedit.hpos.no-block": "¡No hay bloque a la vista!",
    "worldedit.hpos.already-set": "Posición ya establecida.",
    "worldedit.chunk.selected-multiple": "Chunks seleccionados: ({0}, {1}, {2}) - ({3}, {4}, {5})",
    "worldedit.chunk.selected": "Chunk seleccionado: {0}, {1}, {2}",
    "worldedit.wand.invalid": "La herramienta de selección esta mal configurada o inhabilitada.",
    "worldedit.wand.selwand.info": "Click izquierdo: seleccione posición #1; Click derecho: seleccione posicion #2",
    "worldedit.wand.navwand.info": "Click izquierdo: saltar a la ubicación; Click derecho: atravesar paredes",
    "worldedit.wand.selwand.now.tool": "La herramienta de selección ahora es una herramienta normal. Puede inhabilitarlo con {0} y volver a vincularlo a cualquier elemento con {1} u obtener una nueva herramienta con {2}.",
    "worldedit.contract.contracted": "{0} bloque(s) contradado(s) por la region.",
    "worldedit.shift.shifted": "Region desplazada.",
    "worldedit.outset.outset": "La región se ha expandido.",
    "worldedit.inset.inset": "Region insertada.",
    "worldedit.size.offset": "Desplazado: {0}.",
    "worldedit.size.type": "Tipo: {0}",
    "worldedit.size.size": "Tamaño: {0}",
    "worldedit.size.distance": "§5Distancia: {0}.",
    "worldedit.size.blocks": "§5Cantidad de Bloques: {0}.",
    "worldedit.count.counted": "§5Cantidad {0}.",
    "worldedit.distr.no-blocks": "No ha bloques enumerados.",
    "worldedit.distr.no-previous": "No existe un distribución anterior.",
    "worldedit.distr.total": "Número Total de Bloques: {0}.",
    "worldedit.select.cleared": "§cHas deseleccionado la zona.",
    "worldedit.select.cuboid.message": "Selección Cúbica.\\n§7Botón Izquierdo ► Seleccionar el 1º punto.\\n§7Botón Derecho ► Seleccionar el 2º punto.",
    "worldedit.select.cuboid.description": "§7Selecciona las dos esquinas del cuboide.",
    "worldedit.select.extend.message": "Extensión de Cuboide.\\n§7Botón Izquierdo ► Seleccionar el punto inicial.\\n§7Botón Derecho ► Expandir.",
    "worldedit.select.extend.description": "Modo Rápido de selección de cuboides.",
    "worldedit.select.poly.message": "Selección de Poligonal.\\n§7Botón Izquierdo ► Seleccionar el punto inicial.\\n§7Botón Derecho ► Añadir puntos.",
    "worldedit.select.poly.limit-message": "{0} puntos como máximo.",
    "worldedit.select.poly.description": "Selecciona una región poligonal.",
    "worldedit.select.ellipsoid.message": "Selección de Elipsoidal.\\n§7Botón Izquierdo ► Seleccionar el Centro.\\n§7Botón Derecho ► Seleccionar la extensión.",
    "worldedit.select.ellipsoid.description": "Selecciona un región con forma elíptica.",
    "worldedit.select.sphere.message": "Selección Esférica.\\n§7Botón Izquierdo ► Seleccionar el Centro.\\n§7Botón Derecho ► Determinar el radio.",
    "worldedit.select.sphere.description": "Selecciona un región con forma esférica.",
    "worldedit.select.cyl.message": "Selección Cilíndrica.\\n§7Botón Izquierdo ► Seleccionar el Centro.\\n§7Botón Derecho ► Seleccionar la extensión.",
    "worldedit.select.cyl.description": "Selecciona un región con forma cilíndrica.",
    "worldedit.select.convex.message": "Selección Poliédrica Convexa.\\n§7Botón Izquierdo ► Seleccionar el primer vértice.\\n§7Botón Derecho ► Añadir más vértices.",
    "worldedit.select.convex.limit-message": "El límite es de {0} puntos como máximo.",
    "worldedit.select.convex.description": "Selecciona un región con forma de Poliedro Convexo.",
    "worldedit.select.default-set": "La forma actual de selección es {0}.",
    "worldedit.chunkinfo.chunk": "Chunk: {0}, {1}.",
    "worldedit.chunkinfo.old-filename": "Formato antiguo: {0}.",
    "worldedit.chunkinfo.mcregion-filename": "Región MC: Región/{0}.",
    "worldedit.listchunks.listfor": "Listando para: {0}.",
    "worldedit.drain.drained": "Se han vaciado {0} bloques.",
    "worldedit.fill.created": "Se han rellenado {0} bloques.",
    "worldedit.fillr.created": "Se han rellenado {0} bloques.",
    "worldedit.fixlava.fixed": "Se han nivelado {0} bloques de lava.",
    "worldedit.fixwater.fixed": "Se han nivelado {0} bloques de agua.",
    "worldedit.removeabove.removed": "Se han eliminado {0} bloques.",
    "worldedit.removebelow.removed": "Se han eliminado {0} bloques.",
    "worldedit.removenear.removed": "Se han eliminado {0} bloques.",
    "worldedit.replacenear.replaced": "Se han remplazado {0} bloques.",
    "worldedit.snow.created": "Se han cubierto {0} superficies.",
    "worldedit.thaw.removed": "Se han descongelado {0} bloques.",
    "worldedit.green.changed": "Se han enverdecido {0} bloques.",
    "worldedit.extinguish.removed": "Se han extinguido {0} focos en llamas.",
    "worldedit.butcher.killed": "Se han eliminado {0} criaturas en un radio de {1}.",
    "worldedit.butcher.explain-all": "Usa -1 para eliminar todas las criaturas de los chunks cargados.",
    "worldedit.remove.removed": "Se han marcado {0} entidades para su eliminación.",
    "worldedit.remove.explain-all": "Usa -1 para eliminar todas las entidades de los chunks cargados.",
    "worldedit.calc.invalid": "'{0}' no puede ser analizado como una expresión válida.",
    "worldedit.calc.invalid.with-error": "'{0}' no puede ser analizado como una expresión válida: '{1}'",
    "worldedit.paste.pasted": "El contenido del portapapeles ha sido pegado en {0}.",
    "worldedit.paste.selected": "Se ha seleccionado la región de pegado del portapapeles.",
    "worldedit.rotate.no-interpolation": "Nota: La interpolación aún no es admisible, por lo que se recomienda ángulos múltiplos de 90.",
    "worldedit.rotate.rotated": "Se ha girado el contenido del portapapeles.",
    "worldedit.flip.flipped": "Se ha volteado el contenido del portapapeles.",
    "worldedit.clearclipboard.cleared": "§4Se ha eliminado el contenido del Portapapeles.",
    "worldedit.set.done": "§2Operación completada.",
    "worldedit.set.done.verbose": "Operación completada ({0}).",
    "worldedit.line.changed": "Se han cambiado {0} bloques.",
    "worldedit.line.invalid-type": "La herramienta '//line' solo funciona con selecciones cuboides o poliédricas convexas.",
    "worldedit.curve.changed": "Se han cambiado {0} bloques.",
    "worldedit.curve.invalid-type": "La herramienta '//curve' solo funciona con selecciones poliédricas convexas.",
    "worldedit.replace.replaced": "Se han remplazado {0} bloques.",
    "worldedit.stack.changed": "Se han cambiado {0} bloques. Puedes deshacer los cambios usando '//undo'.",
    "worldedit.stack.intersecting-region": "El desplazamiento del stack no debe chocar con la región colindante cuando se utiliza el bloque como unidad.",
    "worldedit.regen.regenerated": "§6La zona seleccionada se ha regenerado.",
    "worldedit.regen.failed": "No se han podido regenerar los chunks. Mira en la consola para obtener más detalles.",
    "worldedit.walls.changed": "Se han cambiado {0} bloques.",
    "worldedit.faces.changed": "Se han cambiado {0} bloques.",
    "worldedit.overlay.overlaid": "Se ha superpuesto {0} bloques.",
    "worldedit.naturalize.naturalized": "Se han sustituido {0} bloques para que parezcan más naturales.",
    "worldedit.center.changed": "Centro establecido. (Se han cambiado {0} bloques).",
    "worldedit.smooth.changed": "Se ha suavizado el terreno. {0} bloques afectados.",
    "worldedit.move.moved": "Se han movido {0} bloques.",
    "worldedit.deform.deformed": "Se han deformado {0} bloques.",
    "worldedit.hollow.changed": "Se han cambiado {0} bloques.",
    "worldedit.forest.created": "Se ha generado {0} árboles.",
    "worldedit.flora.created": "Se han generado {0} plantas.",
    "worldedit.unstuck.moved": "¡Ahí lo tienes chaval!",
    "worldedit.ascend.obstructed": "No se ha encontrado ningún espacio libre por encima.",
    "worldedit.ascend.moved": "Has ascendido {0} niveles.",
    "worldedit.descend.obstructed": "No se ha encontrado ningún espacio libre por debajo.",
    "worldedit.descend.moved": "Has descendido {0} niveles.",
    "worldedit.ceil.obstructed": "No se ha encontrado ningún espacio libre por encima.",
    "worldedit.ceil.moved": "¡Yupi!",
    "worldedit.thru.obstructed": "No se ha encontrado ningún espacio libre por delante.",
    "worldedit.thru.moved": "¡Yupi!",
    "worldedit.jumpto.moved": "¡Puf!",
    "worldedit.jumpto.none": "§c¡No hay nada a la vista (o está demasiado lejos)!",
    "worldedit.up.obstructed": "Debes golpear algo por encima tuyo.",
    "worldedit.up.moved": "¡Yupi!",
    "worldedit.cyl.invalid-radius": "Debes especificar 1 o 2 valores para el radio.",
    "worldedit.cyl.created": "Se han creado {0} bloques.",
    "worldedit.sphere.invalid-radius": "Debes especificar 1 o 2 valores para el radio.",
    "worldedit.sphere.created": "Se ha generado una esfera con {0} bloques.",
    "worldedit.forestgen.created": "Se han generado {0} árboles.",
    "worldedit.pumpkins.created": "Se han generado {0} calabazas.",
    "worldedit.pyramid.created": "Se ha generado una pirámide con {0} bloques.",
    "worldedit.generate.created": "Se han creado {0} bloques.",
    "worldedit.generatebiome.changed": "{0} biomas afectados.",
    "worldedit.reload.config": "§aLa configuración de §2WorlEdit §ase ha recargado satisfactoriamente.",
    "worldedit.report.written": "Se ha generado el informe de WorldEdit en {0}.",
    "worldedit.report.error": "Fallo al guardar el informe: {0}.",
    "worldedit.report.callback": "Informe de WorldEdit: {0}.report",
    "worldedit.timezone.invalid": "Zona horaria no válida.",
    "worldedit.timezone.set": "La zona horaria para esta sesión es: {0}.",
    "worldedit.timezone.current": "La hora actual en esta zona horaria es: {0}.",
    "worldedit.version.version": "Versión de WorldEdit: {0}.",
    "worldedit.version.bukkit.unsupported-adapter": "Esta versión de WorldEdit no es compatible con esta versión de Bukkit. Los contenedores (ej. cofres) se quedarán vacíos, las propiedades (ej. rotación) no se mantendrán, y otras cosas pueden no funcionar. Actualiza WorldEdit para restaurar la funcionalidad:\\n{0}",
    "worldedit.trace.no-tracing-extents": "Seguimiento: No se ha utilizado ninguna medida.",
    "worldedit.trace.action-failed": "Seguimiento: {0} acciones en {1} descartadas por la extensión {2}.",
    "worldedit.trace.active.already": "El Modo Seguimiento ya está activado.",
    "worldedit.trace.inactive.already": "El Modo Seguimiento ya está desactivado.",
    "worldedit.trace.active": "Modo Seguimiento activado.",
    "worldedit.trace.inactive": "Modo seguimiento desactivado.",
    "worldedit.command.time-elapsed": "{0}seg trascurridos (historial: {1} cambiado; {2} bloques/seg).",
    "worldedit.command.permissions": "No tienes permitido hacer esto. ¿Estás en el modo correcto?",
    "worldedit.command.player-only": "Este comando debe ser utilizado por un jugador.",
    "worldedit.command.error.report": "Por favor, informa sobre este error: [Mira en la consola].",
    "worldedit.pastebin.uploading": "§7Por favor espera, enviando el registro a pastebin...",
    "worldedit.session.cant-find-session": "No se puede encontrar la sesión de {0}.",
    "worldedit.platform.no-file-dialog": "Este entorno no permite mostrar diálogos.",
    "worldedit.asset.load.loading": "§7Por favor espera, cargando el elemento...",
    "worldedit.asset.load.still-loading": "§7Por favor espera, sigue cargando el elemento...",
    "worldedit.asset.load.failed": "No se ha podido cargar el elemento.",
    "worldedit.tool.max-block-changes": "Has alcanzado el número máximo de bloques que puedes modificar.",
    "worldedit.tool.no-block": "¡No hay bloque a la vista!",
    "worldedit.tool.repl.equip": "§aHas asignado la Herramienta Remplazadora a §2{0}§a.",
    "worldedit.tool.repl.switched": "La Herramienta Remplazadora se ha cambiado por {0}.",
    "worldedit.tool.data-cycler.equip": "§aHas asignado la Herramienta de Alteración de Bloques a §2{0}§a.",
    "worldedit.tool.data-cycler.block-not-permitted": "No tienes permitido modificar el valor de este bloque.",
    "worldedit.tool.data-cycler.cant-cycle": "¡Este bloque no se puede alterar!",
    "worldedit.tool.data-cycler.new-value": "El valor de {0} ahora es {1}.",
    "worldedit.tool.data-cycler.cycling": "Alterando el valor de {0}.",
    "worldedit.tool.deltree.equip": "§aHas asignado la Herramienta de Eliminación de Árboles Flotantes a §2{0}§a.",
    "worldedit.tool.deltree.not-tree": "Esto no es un Árbol.",
    "worldedit.tool.deltree.not-floating": "Esto no es un Árbol Flotante.",
    "worldedit.tool.tree.equip": "§aHas asignado la Herramienta de Generación de Árboles a §2{0}§a.",
    "worldedit.tool.tree.obstructed": "No se puede generar un árbol aquí.",
    "worldedit.tool.info.equip": "§aHas asignado la Herramienta de Información a §2{0}§a.",
    "worldedit.tool.info.blockstate.hover": "§7Información del Bloque.",
    "worldedit.tool.info.internalid.hover": "§7ID Interna.",
    "worldedit.tool.info.legacy.hover": "§7Heredado de la ID:Información.",
    "worldedit.tool.info.light.hover": "§7Iluminación del Bloque/Iluminación Superior.",
    "worldedit.tool.none.equip": "§cHas desvinculado la herramienta asignada.",
    "worldedit.tool.none.to.unequip": "§cEste objeto no tiene ninguna herramienta asignada.",
    "worldedit.tool.selwand.equip": "§aHas asignado la Herramienta de Selección a §2{0}§a.",
    "worldedit.tool.navwand.equip": "§aHas asignado la Herramienta de Navegación a §2{0}§a.",
    "worldedit.tool.floodfill.equip": "§aHas asignado la Herramienta de Relleno a §2{0}§a.",
    "worldedit.tool.farwand.equip": "§aHas asignado la Herramienta de Selección Lejana a §2{0}§a.",
    "worldedit.tool.lrbuild.equip": "§aHas asignado la Herramienta de Construcción Lejana a §2{0}.",
    "worldedit.tool.lrbuild.set": "§7Botón Izquierdo ► {0}\\n§7Botón Derecho ► {1}.",
    "worldedit.tool.stack.equip": "§aLa herramienta de Vinculación se ha asignado a §2{0}§a.",
    "worldedit.tool.unbind-instruction": "Usa {0} mientras mantienes el objeto para desvincular la herramienta.",
    "worldedit.tool.superpickaxe.mode.single": "Modo simple.\\n§7Usa el botón izquierdo con un pico.\\n§8Usa // para desactivar.",
    "worldedit.tool.superpickaxe.mode.area": "Modo área.\\n§7Usa el botón izquierdo con un pico.\\n§8Usa // para desactivar.",
    "worldedit.tool.superpickaxe.mode.recursive": "Modo recursivo.\\n§7Usa el botón izquierdo con un pico.\\n§8Usa // para desactivar.",
    "worldedit.tool.superpickaxe.max-range": "El rango máximo es {0}.",
    "worldedit.tool.superpickaxe.enabled.already": "Ya está activado el Superpico.",
    "worldedit.tool.superpickaxe.disabled.already": "Ya está desactivado el Superpico.",
    "worldedit.tool.superpickaxe.enabled": "Se ha activado el Superpico.",
    "worldedit.tool.superpickaxe.disabled": "Se ha desactivado el Superpico.",
    "worldedit.tool.mask.set": "Se ha determinado la máscara de la brocha.",
    "worldedit.tool.mask.disabled": "Se ha desactivado la máscara de la brocha.",
    "worldedit.tool.material.set": "Se ha determinado el material de la brocha.",
    "worldedit.tool.range.set": "Se ha determinado el rango de la brocha.",
    "worldedit.tool.size.set": "Se ha determinado el tamaño de la brocha.",
    "worldedit.tool.tracemask.set": "Se ha determinado el seguimiento de la máscara.",
    "worldedit.tool.tracemask.disabled": "Se ha desactivado el seguimiento de la máscara.",
    "worldedit.tool.error.cannot-bind": "§cLa herramienta no se puede asignar a {0}: {1}",
    "worldedit.tool.error.item-only": "§cSolo se pueden asignar objetos, no bloques.",
    "worldedit.execute.script-permissions": "No tienes permiso para usar rutinas.",
    "worldedit.executelast.no-script": "Primero usa /cs con un nombre de rutina.",
    "worldedit.script.read-error": "Error de la rutina: {0}.",
    "worldedit.script.unsupported": "Solo se admiten rutinas .js",
    "worldedit.script.file-not-found": "La rutina no existe: {0}.",
    "worldedit.script.no-script-engine": "No se ha encontrado instalado un motor de rutinas.\\nPor favor, mira aquí: https://worldedit.enginehub.org/en/latest/usage/other/craftscripts/",
    "worldedit.script.failed": "No se ha podido ejecutar: {0}.",
    "worldedit.script.failed-console": "No se ha podido ejecutar (mira en la consola): {0}.",
    "worldedit.operation.affected.biome": "{0} biomas afectados.",
    "worldedit.operation.affected.block": "{0} bloques afectados.",
    "worldedit.operation.affected.column": "{0} columnas afectadas.",
    "worldedit.operation.affected.entity": "{0} entidades afectadas.",
    "worldedit.operation.deform.expression": "Usando la deformación {0}.",
    "worldedit.error.invalid-number": "Se esperaba un número; caracteres no válidos.",
    "worldedit.error.invalid-number.matches": "Se esperaba un número; caracteres \"{0}\" obtenidos.",
    "worldedit.error.incomplete-region": "§cPrimero selecciona una región.",
    "worldedit.error.unknown-block": "No se reconoce el nombre del bloque '{0}'.",
    "worldedit.error.unknown-entity": "No se reconoce el nombre de la entidad '{0}'.",
    "worldedit.error.unknown-mob": "No se reconoce el nombre del mob '{0}'.",
    "worldedit.error.unknown-biome": "No se reconoce el nombre del bioma '{0}'.",
    "worldedit.error.unknown-tag": "No se reconoce el nombre de la etiqueta '{0}'.",
    "worldedit.error.empty-tag": "La etiqueta '{0}' carece de contenido.",
    "worldedit.error.no-match": "No se han encontrado coincidencias con '{0}'.",
    "worldedit.error.disallowed-block": "Bloque '{0}' no admitido (mira en la configuración de WorldEdit).",
    "worldedit.error.max-changes": "Has superado el límite máximo de bloques que puedes modificar en cada operación. (Se han modificado {0} bloques).",
    "worldedit.error.max-brush-radius": "El radio máximo (configurado) en la brocha es {0}.",
    "worldedit.error.max-radius": "El radio máximo (configurado) es {0}.",
    "worldedit.error.unknown-direction": "Dirección desconocida: {0}.",
    "worldedit.error.empty-clipboard": "El portapapeles está vacío. Usa primero '//copy'.",
    "worldedit.error.invalid-filename": "El nombre del archivo '{0}' no es válido: {1}.",
    "worldedit.error.invalid-filename.invalid-characters": "Caracteres no válidos o falta la extensión.",
    "worldedit.error.file-resolution": "Archivo '{0}' resolución del error: {1}.",
    "worldedit.error.file-resolution.outside-root": "La ruta no se encuentra en la raíz permitida.",
    "worldedit.error.file-resolution.resolve-failed": "No se ha podido resolver la ruta.",
    "worldedit.error.file-aborted": "Selección de archivos anulada.",
    "worldedit.error.no-file-selected": "No has seleccionado el archivo.",
    "worldedit.error.world-unloaded": "El mundo ya está descargado.",
    "worldedit.error.not-a-block": "Este objeto no es un bloque.",
    "worldedit.error.not-a-block.item": "El objeto '{0}' no es un bloque.",
    "worldedit.error.incorrect-usage": "Debes usar: {0}.",
    "worldedit.error.invalid-page": "Número de página no válido.",
    "worldedit.error.parser.bad-state-format": "El formato de estado no es correcto en {0}.",
    "worldedit.error.parser.duplicate-property": "Propiedad duplicada: {0}.",
    "worldedit.error.parser.empty-state": "Una parte del estado está vacío.",
    "worldedit.error.parser.missing-equals-separator": "Falta el separador '='.",
    "worldedit.error.parser.clipboard.missing-offset": "El desplazamiento se ha especificado con @ pero no se ha especificado. Usa '#copy@[x,y,z]'.",
    "worldedit.error.parser.unknown-property": "Propiedad del bloque '{1}' desconocida '{0}'.",
    "worldedit.error.parser.unknown-value": "Valor de la propiedad '{1}' desconocida '{0}'.",
    "worldedit.error.parser.empty-property": "La propiedad del estado está vacía.",
    "worldedit.error.parser.empty-value": "El valor del estado está vacío.",
    "worldedit.error.parser.invalid-colon": "Símbolo de dos puntos no válido.",
    "worldedit.error.parser.invalid-expression": "Expresión no válida: {0}",
    "worldedit.error.parser.negate-nothing": "¡No se puede negar la nada!",
    "worldedit.error.parser.hanging-lbracket": "Formato no válido. Falta el corchete en '{0}'.",
    "worldedit.error.parser.missing-rbracket": "Falta el corchete de cierre ']'.",
    "worldedit.error.parser.missing-random-type": "Falta el tipo después del símbolo % para '{0}'.",
    "worldedit.error.parser.clipboard.missing-coordinates": "El desplazamiento del portapapeles necesita las coordenadas x,y,z.",
    "worldedit.error.parser.player-only": "¡La entrada '{0}' necesita un jugador!",
    "worldedit.error.disabled": "Esta funcionalidad está desactivada (ver configuración de WorldEdite).",
    "worldedit.error.unknown": "Se ha producido un error desconocido: {0}",
    "worldedit.error.missing-extent": "Extensión desconocida.",
    "worldedit.error.missing-session": "Sesión local desconocida.",
    "worldedit.error.missing-world": "Es necesario determinar un mundo (prueba con //world).",
    "worldedit.error.missing-actor": "No se reconoce ningún actor.",
    "worldedit.selection.convex.info.vertices": "§5Vértices: {0}.",
    "worldedit.selection.convex.info.triangles": "§5Triángulos: {0}.",
    "worldedit.selection.convex.explain.primary": "Has iniciado una selección con vértice {0}.",
    "worldedit.selection.convex.explain.secondary": "Has añadido el vértice {0} en la selección.",
    "worldedit.selection.cuboid.info.pos1": "§5Posición 1: {0}.",
    "worldedit.selection.cuboid.info.pos2": "§5Posición 2: {0}.",
    "worldedit.selection.cuboid.explain.primary": "Primera posición establecida en {0}.",
    "worldedit.selection.cuboid.explain.primary-area": "Primera posición establecida en {0} ({1} bloques seleccionados).",
    "worldedit.selection.cuboid.explain.secondary": "Segunda posición establecida en {0}.",
    "worldedit.selection.cuboid.explain.secondary-area": "Segunda posición establecida en {0} ({1} bloques seleccionados).",
    "worldedit.selection.extend.explain.primary": "Selección iniciada en {0} ({1}).",
    "worldedit.selection.extend.explain.secondary": "Extender la selección para abarcar {0} ({1}).",
    "worldedit.selection.ellipsoid.info.center": "§5Centro: {0}.",
    "worldedit.selection.ellipsoid.info.radius": "§5Radio X/Y/Z: {0}.",
    "worldedit.selection.ellipsoid.explain.primary": "Posición central determinada en {0}.",
    "worldedit.selection.ellipsoid.explain.primary-area": "Posición central determinada en {0} ({1}).",
    "worldedit.selection.ellipsoid.explain.secondary": "Radio determinado en {0}.",
    "worldedit.selection.ellipsoid.explain.secondary-area": "Has determinado el radio en {0} ({1}).",
    "worldedit.selection.ellipsoid.error.even-horizontal": "Los cambios de las Elipses deben ser uniformes en cada dimensión horizontal.",
    "worldedit.selection.cylinder.info.center": "§5Centro: {0}.",
    "worldedit.selection.cylinder.info.radius": "§5Radio: {0}.",
    "worldedit.selection.cylinder.explain.primary": "Has iniciado una selección cilíndrica en {0}.",
    "worldedit.selection.cylinder.explain.secondary": "Has determinado el radio en {0}/{1} bloques ({2}).",
    "worldedit.selection.cylinder.explain.secondary-missing": "Antes de determinar el radio, tienes que seleccionar el punto central.",
    "worldedit.selection.cylinder.error.even-horizontal": "Los cambios de los Cilindros deben ser uniformes en cada dimensión horizontal.",
    "worldedit.selection.polygon2d.info": "§5Número de Puntos: {0}.",
    "worldedit.selection.polygon2d.explain.primary": "El primer punto se ha establecido en {0}.",
    "worldedit.selection.polygon2d.explain.secondary": "Se ha añadido el punto nº{0} en {1}.",
    "worldedit.selection.polygon2d.error.expand-only-vertical": "Los polígonos sólo se pueden expandir verticalmente.",
    "worldedit.selection.polygon2d.error.contract-only-vertical": "Los polígono solo se pueden contraer verticalmente.",
    "worldedit.selection.sphere.explain.secondary": "Se ha determinado el radio de {0}.",
    "worldedit.selection.sphere.explain.secondary-defined": "Se ha establecido el radio en {0} ({1}).",
    "worldedit.selection.null.error.immutable": "No se puede cambiar una Región Nula.",
    "worldedit.selection.intersection.error.cannot-expand": "No se puede expandir una intersección de región.",
    "worldedit.selection.intersection.error.cannot-contract": "No se puede contraer una intersección de región.",
    "worldedit.selection.transform.error.cannot-expand": "No se puede expandir una Región Transformada.",
    "worldedit.selection.transform.error.cannot-contract": "No se puede contraer una Región Transformada.",
    "worldedit.selection.transform.error.cannot-change": "No se puede modificar una Región Transformada.",
    "worldedit.sideeffect.lighting": "Iluminación",
    "worldedit.sideeffect.lighting.description": "Actualiza la iluminación de los bloques.",
    "worldedit.sideeffect.neighbors": "Vecinos",
    "worldedit.sideeffect.neighbors.description": "Notifica los cambios de los bloques cercanos.",
    "worldedit.sideeffect.update": "Actualización",
    "worldedit.sideeffect.update.description": "Notifica los cambios realizados en los bloques.",
    "worldedit.sideeffect.validation": "Validación",
    "worldedit.sideeffect.validation.description": "Repara y valida los errores inconsistentes del estado del mundo, tales como bloques desconectados.",
    "worldedit.sideeffect.entity_ai": "IA de entidades",
    "worldedit.sideeffect.entity_ai.description": "Actualiza las rutas de las entidades según los cambios de los bloques.",
    "worldedit.sideeffect.events": "Eventos Mod/Plugin",
    "worldedit.sideeffect.events.description": "Informa sobre los cambios a otros mods/plugins, cuando corresponda.",
    "worldedit.sideeffect.state.on": "Activado",
    "worldedit.sideeffect.state.delayed": "Aplazado",
    "worldedit.sideeffect.state.off": "Desactivado",
    "worldedit.sideeffect.box.current": "Actual",
    "worldedit.sideeffect.box.change-to": "Clic para establecer {0}.",
    "worldedit.help.command-not-found": "No se ha encontrado el comando '{0}'.",
    "worldedit.help.no-subcommands": "'{0}' no es un subcomando. ¿Quizás '{1}' sea un parámetro?",
    "worldedit.help.subcommand-not-found": "No se ha encontrado el subcomando '{0}' de '{1}'.",
    "worldedit.cli.stopping": "¡Deteniendo...!",
    "worldedit.cli.unknown-command": "¡Comando desconocido!"
}
