{
    "powers": [
        "acesorigins:zombie/cave_monster",
        "acesorigins:shared/undead_friend",
        "acesorigins:shared/undead_team",
        "acesorigins:zombie/scavenger",
        "acesorigins:zombie/nocturnal",
        "acesorigins:zombie/heliophobia",
        "acesorigins:zombie/undead",
        "acesorigins:zombie/rotten_skin"
    ],
    "icon": "minecraft:rotten_flesh",
    "order": 7,
    "impact": 2,
    "name": "Zombie",
    "description": "A walker of the night, and the living dead."
}