{
  "biomes": [
    [
      {
        "type": "REGISTRY_NAME",
        "negate": false,
        "value": "minecraft:deep_ocean"
      }
    ],
    [
      {
        "type": "REGISTRY_NAME",
        "negate": false,
        "value": "minecraft:deep_lukewarm_ocean"
      }
    ],
    [
      {
        "type": "REGISTRY_NAME",
        "negate": false,
        "value": "minecraft:deep_cold_ocean"
      }
    ],
    [
      {
        "type": "REGISTRY_NAME",
        "negate": false,
        "value": "minecraft:ocean"
      }
    ],
    [
      {
        "type": "REGISTRY_NAME",
        "negate": false,
        "value": "minecraft:lukewarm_ocean"
      }
    ],
    [
      {
        "type": "REGISTRY_NAME",
        "negate": false,
        "value": "minecraft:warm_ocean"
      }
    ]
  ]
}