{
    "type": "origins:action_on_entity_use",
    "bientity_action": {
        "type": "origins:target_action",
        "action": {
            "type": "origins:and",
            "actions": [
                {
                    "type": "origins:heal",
                    "amount": 2
                },
                {
                    "type": "origins:execute_command",
                    "command": "particle flame ~ ~0.5 ~ 0.3 0.3 0.3 0.009 4 normal @a"
                }
            ]
        }
    },
    "bientity_condition": {
        "type": "origins:target_condition",
        "condition": {
            "type": "origins:living"
        }
    },
    "item_condition": {
        "type": "origins:ingredient",
        "ingredient": {
            "item": "minecraft:book"
        }
    },
    "hands": [
        "main_hand"
    ],
    "condition": {
        "type": "origins:sneaking"
    },
    "name": "Healing Hands",
    "description": "You are able to heal others as long as you have a book in your offhand."
}