{
    "worldedit.expand.description.vert": "Laienda valitud ala vertikaalselt maailma limiidini.",
    "worldedit.expand.expanded": "Ala laiendati {0} bloki võrra",
    "worldedit.expand.expanded.vert": "Ala laiendati {0} bloki võrra (ülevalt-alla).",
    "worldedit.biomeinfo.lineofsight": "Bioome vaatepunktis: {0}",
    "worldedit.biomeinfo.position": "Bioome sinu asukohas: {0}",
    "worldedit.biomeinfo.selection": "Teie valitud bioomid: {0}",
    "worldedit.brush.radius-too-large": "Maksimaalne lubatud pintsli raadius: {0}",
    "worldedit.brush.apply.radius": "Pintsli suurus",
    "worldedit.brush.apply.shape": "Ala kuju",
    "worldedit.brush.apply.type": "Pintsli tüüp mida kasutada",
    "worldedit.brush.paint.size": "Pintsli suurus",
    "worldedit.brush.paint.shape": "Ala kuju",
    "worldedit.brush.paint.density": "Pintsli tihedus",
    "worldedit.brush.paint.type": "Pintsli tüüp mida kasutada",
    "worldedit.brush.operation.equip": "Määra pintsel {0}.",
    "worldedit.drawsel.disabled": "Serveri CUI keelatud.",
    "worldedit.limit.too-high": "Sinu maksimaalne muutmise limiit on {0}.",
    "worldedit.limit.set": "Bloki muutmis limiit {0}.",
    "worldedit.undo.undone": "Tagasi võetud {0} muudatust.",
    "worldedit.undo.none": "Pole mida tagasi võtta.",
    "worldedit.redo.redone": "Uuesti tehtud {0} muudatust.",
    "worldedit.redo.none": "Pole mida tagasi võtta.",
    "worldedit.clearhistory.cleared": "Ajalugu on tühjendatud.",
    "worldedit.raytrace.noblock": "Plokk pole silmapiiril!",
    "worldedit.restore.block-place-error": "Viimane tõrge: {0}",
    "worldedit.schematic.delete.failed": "{0} kustutamine ebaõnnestus! Kas see on kirjutuskaitstud?",
    "worldedit.schematic.delete.deleted": "{0} on kustutatud.",
    "worldedit.pos.already-set": "Positsioon on juba määratud.",
    "worldedit.hpos.no-block": "Plokk pole silmapiiril!",
    "worldedit.hpos.already-set": "Positsioon on juba määratud.",
    "worldedit.chunk.selected-multiple": "Valitud kamakad: ({0}, {1}, {2}) - ({3}, {4}, {5})",
    "worldedit.chunk.selected": "Valitud kamakas: {0}, {1}, {2}",
    "worldedit.wand.selwand.info": "Vasak klikk: valige pos #1; Parem klikk: valige pos #2",
    "worldedit.size.type": "Liik: {0}",
    "worldedit.size.size": "Suurus: {0}",
    "worldedit.size.distance": "Kuubi distants: {0}",
    "worldedit.size.blocks": "Plokkide arv: {0}",
    "worldedit.count.counted": "Loetud: {0}",
    "worldedit.chunkinfo.chunk": "Kamakas: {0}, {1}",
    "worldedit.chunkinfo.old-filename": "Vana formaat: {0}",
    "worldedit.fill.created": "Täidetud on {0} plokki.",
    "worldedit.fillr.created": "Täidetud on {0} plokki.",
    "worldedit.butcher.killed": "Surmatud {0} elukat {1} raadiuses.",
    "worldedit.paste.pasted": "Lõikelauad on kleebitud kohta {0}",
    "worldedit.rotate.rotated": "Lõikelaua koopia on pööratud.",
    "worldedit.clearclipboard.cleared": "Lõikelaud on tühjendatud.",
    "worldedit.set.done": "Toiming on lõpetatud.",
    "worldedit.set.done.verbose": "Toiming on lõpetatud ({0}).",
    "worldedit.line.changed": "Muudetud on {0} plokki.",
    "worldedit.curve.changed": "Muudetud on {0} plokki.",
    "worldedit.walls.changed": "Muudetud on {0} plokki.",
    "worldedit.faces.changed": "Muudetud on {0} plokki.",
    "worldedit.center.changed": "Määratud keskele. (muudetud {0} plokki)",
    "worldedit.hollow.changed": "Muudetud on {0} plokki.",
    "worldedit.forest.created": "Loodud {0} puud.",
    "worldedit.cyl.created": "Loodud on {0} plokki.",
    "worldedit.sphere.created": "Loodud on {0} plokki.",
    "worldedit.forestgen.created": "Loodud {0} puud.",
    "worldedit.pyramid.created": "Loodud on {0} plokki.",
    "worldedit.generate.created": "Loodud on {0} plokki.",
    "worldedit.version.version": "WorldEdit versioon {0}",
    "worldedit.tool.no-block": "Plokk pole silmapiiril!",
    "worldedit.tool.deltree.not-tree": "See ei ole puu.",
    "worldedit.tool.deltree.not-floating": "See puu ei ole õhus.",
    "worldedit.tool.tree.obstructed": "Puu ei käi sinna.",
    "worldedit.script.file-not-found": "Skripti pole olemas: {0}",
    "worldedit.operation.affected.biome": "mõjutatud {0} bioomi",
    "worldedit.operation.affected.block": "mõjutatud {0} plokki",
    "worldedit.operation.affected.entity": "mõjutatud {0} olemit",
    "worldedit.error.file-aborted": "Faili valimine katkestati.",
    "worldedit.error.no-file-selected": "Ühtegi faili pole valitud.",
    "worldedit.error.incorrect-usage": "Kasutus: {0}",
    "worldedit.selection.cuboid.info.pos1": "Positsioon 1: {0}",
    "worldedit.selection.cuboid.info.pos2": "Positsioon 2: {0}",
    "worldedit.selection.cuboid.explain.primary": "Esimene positsioon on määratud {0}.",
    "worldedit.selection.cuboid.explain.primary-area": "Esimene positsioon on määratud {0} ({1}).",
    "worldedit.selection.cuboid.explain.secondary": "Teine positsioon on määratud {0}.",
    "worldedit.selection.cuboid.explain.secondary-area": "Teine positsioon on määratud {0} ({1}).",
    "worldedit.selection.ellipsoid.info.center": "Keskus: {0}",
    "worldedit.selection.ellipsoid.explain.primary": "Keskpositsioon on määratud {0}.",
    "worldedit.selection.ellipsoid.explain.primary-area": "Keskpositsioon on määratud {0} ({1}).",
    "worldedit.selection.cylinder.info.center": "Keskus: {0}",
    "worldedit.help.command-not-found": "Käsklust '{0}' ei leitud.",
    "worldedit.cli.unknown-command": "Tundmatu käsklus!"
}
