{
    "type": "origins:multiple",

    "villager": {
        "type": "origins:prevent_entity_use",
        "bientity_action": {
            "type": "origins:actor_action",
            "action": {
                "type": "origins:execute_command",
                "command": "title @s actionbar {\"text\": \"They fear you. You're a monster.\", \"color\": \"red\"}"
            }
        },
        "bientity_condition": {
            "type": "origins:target_condition",
            "condition": {
                "type": "origins:entity_type",
                "entity_type": "minecraft:villager"
            }
        }
    },

    "wandering_villager": {
        "type": "origins:prevent_entity_use",
        "bientity_action": {
            "type": "origins:actor_action",
            "action": {
                "type": "origins:execute_command",
                "command": "title @s actionbar {\"text\": \"They fear you. You're a monster.\", \"color\": \"red\"}"
            }
        },
        "bientity_condition": {
            "type": "origins:target_condition",
            "condition": {
                "type": "origins:entity_type",
                "entity_type": "minecraft:wandering_trader"
            }
        }
    },

    "name": "Fear of The Ultima",
    "description": "All humans fear you, as you are the Ultima."
}