{
    "powers": [
        "acesorigins:angel/flight",
        "acesorigins:angel/angelic_strength",
        "acesorigins:angel/fall_dmg_immunity",
        "acesorigins:angel/heavenly_powers",
        "origins:vegetarian",
        "acesorigins:angel/pyrophobia",
        "acesorigins:angel/hell_weakness"
    ],
    "icon": "minecraft:ghast_tear",
    "order": 1,
    "impact": 3,
    "name": "Angel",
    "description": "Divine beings from Heaven. Almost all are angelic beings made by the gods in their absolute vision."
}