{
  "powers": [
      "acesorigins:ultima/ultima_eyes",
      "acesorigins:ultima/villagers_fear",
      "acesorigins:werewolf/wolf_friend",
      "acesorigins:werewolf/wolf_team",
      "acesorigins:ultima/ultima_strength",
      "acesorigins:ultima/ultima_endurance",
      "acesorigins:ultima/beast_within",
      "acesorigins:ultima/beast_within/bw_resource",
      "acesorigins:ultima/beast_within/change_resource",
      "acesorigins:werewolf/chocolate_allergy",
      "acesorigins:ultima/grand_hunger",
      "acesorigins:ultima/silver_aversion"
  ],
  "icon": "minecraft:red_dye",
  "order": 7,
  "impact": 3,
  "name": "The Ultima",
  "description": "The first werewolf; cursed by the god of wolves to walk the line of man and beast."
}