{
    "powers": [
        "acesorigins:demon/demon_strength",
        "acesorigins:demon/hell_strength",
        "acesorigins:demon/fire_immunity",
        "acesorigins:demon/hell_friend",
        "acesorigins:demon/hell_team",
        "origins:carnivore",
        "acesorigins:demon/hydrophobia",
        "acesorigins:demon/no_regen",
        "acesorigins:demon/nether_fort_spawn"
    ],
    "icon": "minecraft:blackstone",
    "order": 1,
    "impact": 3,
    "name": "Demon",
    "description": "Unholy being from Hell. Some are pure demonic beings, others are fallen angels."
}