{
    "key": "dark_metal",
    "category": "metal",
    "primary": 8,
    "secondary": 4.0,
    "tertiary": 3,
    "durability": 1850,
    "integrityCost": 3,
    "integrityGain": 6,
    "magicCapacity": 112,
    "toolLevel": "minecraft:netherite",
    "toolEfficiency": 8,
    "tints": {
        "glyph": "7b767f",
        "texture": "7b767f"
    },
    "textures": [
        "metal"
    ],
    "material": {
        "items": [ "born_in_chaos_v1:dark_metal_ingot" ]
    },
    "requiredTools": {
      "hammer_dig": 7
    },
    "effects": {
        "unbreaking": 3
    }
}