{
	"credit": "Made with Blockbench",
	"texture_size": [32, 32],
	"textures": {
		"0": "irons_spellbooks:item/graybeard_staff",
		"particle": "irons_spellbooks:item/graybeard_staff"
	},
	"elements": [
		{
			"from": [7.5, -11, 7.5],
			"to": [8.5, 17, 8.5],
			"rotation": {"angle": 0, "axis": "y", "origin": [8, 0, 8]},
			"faces": {
				"north": {"uv": [0.5, 0, 1, 16], "texture": "#0"},
				"east": {"uv": [0, 0, 0.5, 16], "texture": "#0"},
				"south": {"uv": [1.5, 0, 2, 16], "texture": "#0"},
				"west": {"uv": [1, 0, 1.5, 16], "texture": "#0"},
				"up": {"uv": [0.5, 0.5, 0, 0], "texture": "#0"},
				"down": {"uv": [0.5, 15.5, 0, 16], "texture": "#0"}
			}
		},
		{
			"from": [7, -9.5, 7],
			"to": [9, -8.5, 9],
			"rotation": {"angle": 0, "axis": "y", "origin": [8, 0, 8]},
			"faces": {
				"north": {"uv": [2, 14.5, 3, 15], "texture": "#0"},
				"east": {"uv": [2, 14.5, 3, 15], "texture": "#0"},
				"south": {"uv": [4, 14.5, 3, 15], "texture": "#0"},
				"west": {"uv": [2, 14.5, 3, 15], "texture": "#0"},
				"up": {"uv": [3, 16, 2, 15], "texture": "#0"},
				"down": {"uv": [4, 15, 3, 16], "texture": "#0"}
			}
		},
		{
			"from": [7, 12, 7],
			"to": [9, 13, 9],
			"rotation": {"angle": 0, "axis": "y", "origin": [8, 0, 8]},
			"faces": {
				"north": {"uv": [2, 14.5, 3, 15], "texture": "#0"},
				"east": {"uv": [2, 14.5, 3, 15], "texture": "#0"},
				"south": {"uv": [4, 14.5, 3, 15], "texture": "#0"},
				"west": {"uv": [2, 14.5, 3, 15], "texture": "#0"},
				"up": {"uv": [3, 16, 2, 15], "texture": "#0"},
				"down": {"uv": [4, 15, 3, 16], "texture": "#0"}
			}
		},
		{
			"from": [5, 13, 8],
			"to": [11, 22, 8],
			"faces": {
				"north": {"uv": [8, 0, 11, 4.5], "texture": "#0"},
				"south": {"uv": [11, 0, 8, 4.5], "texture": "#0"}
			}
		},
		{
			"from": [8, 9, 5],
			"to": [8, 18, 11],
			"rotation": {"angle": 22.5, "axis": "y", "origin": [8, 14, 8]},
			"faces": {
				"east": {"uv": [11, 0, 14, 4.5], "texture": "#0"},
				"west": {"uv": [14, 0, 11, 4.5], "texture": "#0"}
			}
		},
		{
			"from": [8, 16, 6],
			"to": [8, 25, 10],
			"rotation": {"angle": -45, "axis": "y", "origin": [8, 14, 8]},
			"faces": {
				"east": {"uv": [16, 0, 14, 4.5], "texture": "#0"},
				"west": {"uv": [14, 0, 16, 4.5], "texture": "#0"}
			}
		},
		{
			"from": [8, 15, 3],
			"to": [8, 22, 10],
			"rotation": {"angle": 0, "axis": "y", "origin": [8, 14, 8]},
			"faces": {
				"east": {"uv": [12.5, 5, 16, 8.5], "texture": "#0"},
				"west": {"uv": [16, 5, 12.5, 8.5], "texture": "#0"}
			}
		}
	],
	"gui_light": "front",
	"display": {
		"thirdperson_righthand": {
			"translation": [0, 3, 1.25]
		},
		"thirdperson_lefthand": {
			"translation": [0, 3, 1.25]
		},
		"firstperson_righthand": {
			"rotation": [0, -13.5, 0],
			"translation": [4, 0.25, -2.75]
		},
		"firstperson_lefthand": {
			"rotation": [0, -13.5, 0],
			"translation": [4, 0.25, -2.75]
		},
		"ground": {
			"translation": [0, 9, 0],
			"scale": [0.5, 0.5, 0.5]
		},
		"gui": {
			"rotation": [-43.95, 47.96, 65.94],
			"translation": [0, 0.5, 0],
			"scale": [0.58, 0.58, 0.58]
		},
		"fixed": {
			"translation": [0, 0.25, -1.5],
			"scale": [0.67969, 0.51758, 0.5]
		}
	}
}